avg_sunshine,avg_rain,nitrogen,potash,phosphate,production
1103.9,62.53333333,52888,10466,23912,984.31
886.4,52.89166667,63978,12392,30775,1177.1
1068.5,64.175,60332,11458,27558,1095.84
1149.7,63.2,77428,19543,45185,1319.18
1282.3,80.21666667,72843,17339,45815,1416.48
1092.1,61.93333333,93725,16214,50474,1534.22
1568,81.75833333,80745,16124,42229,1296.24
1379.7,73.175,92460,16253,54358,1444.24
1008.7,68.525,109099,19423,62410,880.6
1419.1,96.45,10661,1959,4827,788.65
1709.8,101.5666667,12218,2520,6136,836.54
1259.2,88.60833333,9710,715,3270,927.73
1398.3,86.50833333,11578,3579,5451,729.33
1030.9,48.66666667,17440,3212,9076,682.46
1623.2,100.0416667,16819,5277,9675,1184.98
1160.5,76.58333333,16701,3459,10399,772.88
1542.6,94.65,16472,3495,8764,1341.33
1434.5,94.96666667,13070,2909,7129,1265.91
1476.6,90.65,21424,4606,11737,1377.04
1538.5,115.725,19698,5141,13415,664.46
1348,71.20833333,72879,15430,47155,1147.58
1206.7,68.51666667,101407,21781,46657,1324.71
1434.2,92.84166667,106660,30274,55126,1483.28
1114.5,73.45,106007,23481,53556,1252.38
937.5,30.475,115245,24550,59287,1307.24
1109.1,53.89166667,127705,27617,64093,1521.13
1322.9,85.79166667,143926,27341,66868,1421.37
1233,69.64166667,140933,12325,63782,1974.69
1443.6,83.9,133516,16718,62690,1749.21
1233.2,64.91666667,131220,20116,56975,2127.73
921.4,60.225,127207,16422,51969,1412.83
1475.7,85.44166667,55418,5494,14434,874.16
1091.7,60.19166667,60337,6684,17875,1127.18
1269.4,76.325,56764,4978,14927,1160.03
1047,68.01666667,51999,7429,20055,1070.95
791.4,39.71666667,59188,7339,25472,994.29
973.9,56.13333333,60950,8969,28185,1333.61
1290.1,88.66666667,79347,8989,29934,1557.35
1350.1,71.18333333,76076,5641,28892,1746.82
1449.5,95.43333333,74396,5533,25749,1577.16
1348.2,85.79166667,77949,6235,28868,1683.92
1056.8,68.59166667,75540,7911,32253,1340.65
1089.1,65.075,21975,3245,8460,437.91
1291.8,79.125,23067,3014,9135,532.65
1513.9,101.3166667,28705,5309,11004,500.83
978.2,27.31666667,30471,4195,13966,470.53
988.3,55.73333333,24194,4622,13785,598.26
1288.5,84.95833333,30099,2241,14000,602.66
1237.3,80.85,25807,1767,10948,641.28
1221.3,69.6,25812,2344,11328,580.76
1227.8,63.9,27928,4197,11565,657.79
1192.1,71.38333333,31033,3660,14398,414.89
1186.3,66.2,12305,1387,6099,403.92
1153.4,66.56666667,15725,2210,6950,435.45
1119.6,63.33333333,16910,3551,10337,449.93
596.7,31.725,14897,2961,10262,399.46
1383.6,94.4,13484,2471,10318,530.08
1122.5,65.025,22160,1782,11396,610.07
809,47.19166667,25632,3114,11078,633.47
840,54.61666667,22005,5317,11871,687.04
989.8,49.76666667,28205,4556,15297,440.9
1283.7,62.5,50877,3046,27139,292.91
2109.7,128.1083333,57705,389,22933,364.36
968.8,53.53333333,48381,1023,21016,228
1043.9,57.79166667,57804,1271,23267,189.33
1937.9,115.4,10486,722,6693,365.28
1549.1,87.89166667,10663,744,6582,299.34
1010.6,36.85,14461,764,9454,338.2
1173.6,61.53333333,16377,484,8403,486.46
1428.8,76.475,15732,913,12464,434.08
1076,51.94166667,15649,596,10125,449.33
1004.7,66.69166667,19477,916,12859,445.33
1078.7,65.55833333,35016,3192,14165,38.37
1408,83.5,41304,2149,13320,28.05
807,40.675,38309,3598,15624,48
1133.3,74.5,47316,3922,17967,54
1585.6,47.31666667,9841,1543,4647,13.93
1084.4,56.54166667,13901,1694,5097,14.58
1163,67.56666667,13128,2185,7769,14.9
1039.5,52.04166667,19500,846,12182,17.21
1821,104.925,15197,864,7618,24.99
915.2,46.43333333,19002,1062,8081,25.33
1006.1,53.35833333,24755,1579,10019,89.33
1449.1,75.96666667,6774,421,3821,143.95
1322.5,66.91666667,7324,418,4468,135.81
889.1,31.34166667,12456,689,7498,122.4
1118.5,61.65833333,18777,1107,10162,281.01
1734.7,102.0583333,21318,313,8514,440.99
880.3,45.10833333,23150,501,9939,199.33
1013.7,62.43333333,28360,602,11535,238.67
1387.9,61.15,8317,137,2653,212.69
1828.1,103.4833333,9255,114,3263,242.15
1229.1,70.70833333,11043,163,5309,274
1195.8,73.63333333,11545,133,3925,365.33
865.5,50.28333333,16268,291,12896,5.33
1793.8,110.1916667,9242,35,7013,62.31
824.4,54.475,10116,92,5627,70.67
971.4,62.53333333,11349,88,7231,82.67
1094.7,62.35833333,6446,26,5613,64.91
1621.9,106.7,8051,41,5978,91.51
709,41.46666667,6222,50,3941,76.67
1224.2,50.125,16764,106,9875,199.65
1479.2,81.28333333,18662,66,8842,214.11
957.9,59.61666667,13590,336,7709,246
1487.4,84.7,7717,40,4611,238.24
1327.3,66.55833333,10087,62,4503,172.7
1242.7,82.025,6134,50,3379,126
806,48.08333333,6962,18,3812,137.33
1471.6,55.91666667,15131,1336,10824,123.3
959.6,56.65833333,19946,251,14640,197.67
1351.2,84.38333333,23321,110,10575,188.56
808.9,46.70833333,20380,468,10488,201.33
1081.4,64.98333333,24799,220,13200,238
982.9,50.11666667,31118,11748,20663,383.9
1055.3,68.23333333,34438,7571,21064,484.88
990.1,68.75833333,34981,12180,21875,510.67
787.7,41.00833333,37234,10930,23643,378
718.3,25.88333333,17501,999,7577,40.56
545.1,29.79166667,19111,703,9541,37.38
768.8,45.925,29172,899,14819,53.99
479.7,26,28963,2853,16515,54.1
850.7,44.44166667,34754,452,17453,89.43
1027.4,66.725,35106,295,12265,135.09
712.4,42.84166667,33372,236,11539,111.33
861.3,40.95833333,29113,343,8785,150
731.1,39.725,16257,810,13681,10.9
949.7,45.75,19251,270,16355,19.88
1331.7,71.45833333,20816,662,14296,17.06
817.2,42.96666667,20198,207,14004,17.33
769.4,45.40833333,18939,370,13508,27.33
759.5,39.19166667,13587,64,11142,4.52
1678.5,83.25,17679,92,10416,3.17
927.4,53.63333333,19384,53,10595,6.66
1201.7,49.175,21240,217,10919,6
642.1,35.225,13505,681,7278,5
904.5,38.84166667,16431,496,8058,16.53
1166,75.38333333,14175,167,3742,13.9
679.6,35.16666667,24870,80,2712,24
687.3,24.63333333,32368,649,8945,7.7
389.2,26.425,29937,587,12037,9.68
431.4,31.7,37805,1194,13499,11.88
777.7,46.33333333,42117,1233,17953,11.75
634.4,44.51666667,41861,1498,18646,25.2
838.9,41.525,42523,323,19369,50.67
1054.5,62.6,48620,339,14771,58.64
493.5,33.75,45769,364,15761,46
567.9,32.21666667,49450,325,14735,70
452.7,19.175,16762,1242,6319,7.84
401.9,18.325,16351,341,7585,0.83
478.6,29.7,18442,780,7806,0.4
973.5,54.275,21146,378,12396,11.81
508.1,32.98333333,19844,658,13516,3.5
730.1,35.125,20731,107,13610,12.47
1103,73.58333333,23687,160,10515,20.81
510.6,34.525,23267,64,9330,20.67
545,28.65833333,26896,79,9759,27.33
1018.4,54.725,38617,2955,22591,1.55
1353,68.4,41845,2560,19289,1.55
1292.9,62.45833333,27835,341,6856,24.32
857.4,37.61666667,78216,12934,39376,4
779.9,43.65833333,29290,9631,15594,13.73
1159.5,50.41666667,28171,3573,18796,7.73
1275.7,55.05833333,27581,2275,13684,10
1315,55.03333333,57946,2543,39596,45.87
1480.8,81.89166667,66647,1295,35642,61.92
941.7,42.63333333,65174,1320,36237,147.33
1182.5,49.89166667,66523,1511,37089,116.67
1053.1,48.5,32796,460,22342,45.38
1036.8,58.05833333,38797,509,23917,342.67
1206,60.2,37453,662,21623,226.67
1015.4,51.01666667,26706,334,19568,4
922.8,34.23333333,22453,1886,11085,46.2
1565.4,93.96666667,25059,1097,12055,121.76
1684,95.51666667,25643,873,10603,98.85
1061.5,35.125,27794,1588,12770,105.33
1240,85.33333333,25392,1570,9175,72
1565.3,55.5,32526,1453,24781,1.33
1386.4,62.96666667,48867,4322,22152,19.83
1901.8,113.8166667,52451,3045,27533,21.33
1092.8,48.5,63028,3342,30164,18.61
1467.1,71.56666667,75197,6787,43391,34
1732.3,90.425,81436,1928,48207,61.74
2102.8,114.4083333,80775,959,37755,65.92
1143.8,54.75833333,78322,2374,43112,190.67
1342.3,74.1,86901,3240,41878,316.67
1176,86.75,39270,5895,12284,351.86
1277,83.58333333,44796,7672,12887,640.67
1203,92.16666667,42542,8618,12845,803.55
1026,67,45140,13602,13899,570.58
803,49.08333333,45594,13006,18655,497.78
1621.7,115.2083333,49817,13964,20426,358.64
934.6,64.84166667,55459,6866,22257,537.7
1289.2,84.34166667,52722,6132,15770,689.11
1421.9,103.6083333,50726,6069,16074,500.73
1274.3,85.64166667,51535,10125,14585,613.59
952.4,68.025,55769,7198,19759,664.52
1325,103.5833333,33841,5422,7709,202.41
1207,88.83333333,38657,6266,9253,325.04
1238,95.33333333,32863,6839,9137,385.24
1030,74.08333333,33562,8793,8468,328.35
873,57.58333333,39682,8584,14749,193.17
1793.8,121.6583333,36707,9240,13527,376.1
932.8,58.81666667,41239,5096,12880,303.62
1217.9,88.79166667,38177,3871,7362,312.24
1082.5,81.74166667,50264,7198,10634,330.13
1092.6,79.70833333,41756,6825,10684,343.73
1210.4,90.04166667,40870,4303,12761,416.89
1362,99.16666667,97687,26128,34130,1149.65
1208,92.33333333,88902,20817,35564,1393.55
1260,88.66666667,90381,29649,38719,1518.59
1200,82.5,100106,33167,46584,1513.26
719,45.25,89762,26813,33017,1073.1
1953.6,133.2833333,113403,29669,50030,1357.62
845,54.25,109804,24757,47576,1176.83
1445.3,99.09166667,110635,20888,42749,1101.91
1120.2,79.73333333,110539,19700,39133,1211.71
635.7,40.10833333,100291,28327,33437,1563.23
1099.1,80.04166667,100942,23328,37108,1445.57
1266,83.91666667,137614,40493,63639,1363.27
1068,81.25,128838,34002,61270,1557.11
1082,76.5,134933,50046,65309,1639.14
1264,79.83333333,151557,53038,67728,1600.38
673,44.25,137942,50834,66327,1115.06
1733.4,116.0416667,134293,53314,70224,1490.32
899.3,52.44166667,158725,45612,80602,1308.47
1611.9,109.9166667,152802,40811,68044,1289.34
1006.1,65.725,145376,44213,62569,1342.34
861.1,50.34166667,144538,47818,60581,1624.32
1053.9,77.35833333,145671,44003,74671,1558.51
1147,74.66666667,117923,40480,55996,1106.6
1185,92.08333333,104666,40393,52902,876.86
984,69.41666667,107649,32779,52029,1299.03
1289,87.16666667,118725,36801,53729,1427.3
724,53.08333333,117120,34602,59014,1209.29
1770.8,117.9833333,136922,37400,70715,1090.69
876.5,48.8,121694,19952,62897,1011.54
1509.6,103.7583333,120032,22552,58648,950.52
1317.3,89.025,163842,27146,63828,1175.52
622.9,39.96666667,128188,29497,56083,998.8
944.8,69.65,99005,20400,46609,762.64
973,63.58333333,160558,33302,80559,1227.43
797,61,165152,33400,92802,1079.02
982,68.08333333,181991,42942,92490,1272.54
988,68.91666667,191458,51027,110347,1368.83
576,45.75,199102,48519,128806,1291.65
1460.5,95.06666667,216731,48170,138441,1090.52
610.9,34.925,221213,29517,127614,1316.41
1012.7,71.08333333,173638,19068,78533,725.08
1161.5,84.19166667,218792,17642,91473,1340.84
681.4,45.90833333,209592,27373,88308,1298.65
713.5,51.66666667,170208,22549,91661,557.07
1421,113.3333333,88088,15928,42944,953.33
893.9,71.90833333,96647,15167,46031,1017.15
1277,98.83333333,95465,22320,45006,1031.46
1060,82.58333333,109573,23050,58795,1180.07
916,74.08333333,128098,29881,62958,1189.95
1397.6,107.0583333,122014,25000,67600,1202.9
1087,85.7,122392,19877,63681,1193.7
911,66.23333333,107718,14452,39579,1098.63
871.8,60.975,115042,14404,42869,1113.37
705.3,53.60833333,120361,20326,43671,1123.27
1385.3,113.0333333,134193,17564,55401,1357.59
801,53.66666667,101845,25654,68049,436.21
592,42.75,92440,18988,66421,374.52
1009,78.91666667,101964,32119,67063,456.86
660,47.08333333,112222,35366,82895,454.09
759,61.33333333,124059,39313,92729,492.63
824.1,49.96666667,127189,34935,101451,480.21
500.4,30.96666667,132491,21964,101944,448.24
609.3,38.95833333,111494,18848,69314,367.26
703.4,47.86666667,156096,22938,78792,543.56
628.9,42.875,161438,25453,88770,509.21
470.3,35.525,135115,20284,89508,200.17
772,52.25,34732,16092,28110,125.56
434,34.41666667,32499,14553,23240,99.4
736,55.25,43442,17127,24820,132.52
764,56.41666667,42782,20948,33703,144.43
575,47.16666667,54451,26364,38612,148.41
755.9,54.00833333,60705,25911,42480,171.4
482,33.05,59683,16785,44209,120.07
536,37.8,52817,7856,28984,76.45
501.7,38.78333333,45723,10558,23115,87.94
437.8,33.45833333,45426,9644,22398,82.53
708.8,57.475,47950,11452,26414,97.65
855,61.58333333,29865,6798,19792,141.62
517,39.33333333,26408,6764,15511,125.46
1006,78.5,31762,13786,17223,184.06
700,54.16666667,38806,20134,33254,128.44
607,48.16666667,40257,19223,31737,187.93
907.4,61.85833333,44275,18059,35165,129.55
658.7,45.11666667,45740,15765,36350,158.66
558.2,36.7,37797,10279,19341,80.8
689.2,49.93333333,46686,7636,23374,178.29
432.6,31.925,38594,7361,14966,165.84
1012.5,81.20833333,46126,8500,21317,123.13
1347,101.25,33641,7387,11105,230.79
741.2,60.35,30789,6142,10632,127.62
1072,80.08333333,35091,7324,9593,157.43
970,72.58333333,42063,9758,15928,164.88
709,55.66666667,46025,11998,18000,170.13
1086,75.46666667,39815,9713,18228,185.14
952.5,68.08333333,42879,8562,18170,168.93
1002.5,70.175,35052,6133,12103,171.41
856,64.63333333,32037,6419,9352,169.02
600.4,45.30833333,34854,5919,10110,132.42
1418.9,114.3916667,47119,5878,14511,334.55
1132,63.5,71171,35405,38934,112.15
842,56.08333333,57954,50902,30927,82.81
791,59.66666667,67655,30436,38113,77.02
1159,89,57893,11799,24691,92.02
682,52.75,77743,24302,39141,92.66
1019.1,58.30833333,51967,22820,32325,136.1
599.3,34.45833333,73717,13454,45382,103.1
778.8,45.25833333,70227,15234,35199,98.4
1088.9,72.125,94673,20093,38488,102.87
607.7,39.16666667,120239,21038,64120,91.21
515.9,39.70833333,51065,15115,27441,61.41
1184,64.83333333,87770,11684,27384,505.99
1068,73.08333333,84838,13601,25262,538.86
858,59.66666667,82992,15514,26057,452.95
933,61.41666667,92088,19895,38748,679.61
668,41.91666667,80038,18448,32833,389.06
1080.3,67.15833333,104552,19318,41464,844.24
959.7,45.275,112969,14116,43762,972.2
845.4,52.55,102806,11662,33872,736.19
1341.7,66.05,110086,6309,28328,1044.19
646.7,43.29166667,81227,5415,19268,620.53
661.3,49.825,76077,11286,29281,262.79
837,45.41666667,39746,4812,13575,247.33
843,61.33333333,33949,5981,14209,275.25
643,45.16666667,37649,6950,13382,281.55
874,62.91666667,54259,13150,23712,357.44
592,44.16666667,45007,13913,19008,232.69
923.7,53.16666667,76128,18798,42979,514.92
600.8,28.95,56053,7129,25019,406.96
843,51.58333333,56321,3173,18245,372.6
1068.1,59.96666667,71554,3186,14597,624.49
512.1,34.00833333,55797,3043,12098,363.08
509,39.00833333,73585,4143,21154,239.78
887,56.08333333,52838,8609,32495,320.54
559,42,40678,5782,28634,267.98
780,58.91666667,51049,12701,27922,425.03
573,41.25,51253,16247,35894,421.21
723,57.33333333,64325,14447,38889,401.11
755.1,41.31666667,77259,17739,48593,545.77
494.4,28.35833333,75158,10208,51401,396.56
632.7,39.91666667,68611,6638,31468,380.5
910.8,64.01666667,92095,9562,43289,478.7
601.1,41.11666667,83514,7619,33352,418.1
471.9,36.55833333,94562,10915,44140,215.02
919,55.91666667,96348,14927,51249,938.67
630,48.33333333,97018,10220,47496,805.9
741,55.91666667,102133,21068,50596,989.84
793,57.08333333,113748,27707,59260,1150.31
476,37.08333333,109632,27524,64010,918.97
841.9,51.48333333,141668,22918,74875,1323.71
496.1,25.94166667,127932,14240,69334,963.8
673.9,44.16666667,103033,10034,40511,683.87
1146.3,80.725,151903,9564,48305,1205.29
543.2,38.16666667,112831,12004,36930,1041.36
637.5,48.23333333,123383,13530,49485,620.45
1135,65.25,89905,15265,28205,646.18
1095,80.33333333,90725,11652,29609,589.39
962,67.58333333,94531,19400,25970,559.56
1196,82.83333333,99112,29103,37543,689.97
591,41.41666667,75778,21870,26936,316.33
1277.9,67.73333333,126371,25698,42748,860.41
736.3,35.18333333,113498,14489,48686,573.94
1231.9,74.70833333,121033,11411,34155,689.02
1366.5,73.625,138629,5777,28668,800.52
739.7,47.3,108636,9723,27802,437.44
980.1,73.13333333,123492,17173,41549,572.94
1437,91.33333333,66445,7872,25659,530.96
1202,88.25,62173,9124,29018,448.12
1144,78.16666667,70236,15981,30369,548.2
1444,96.41666667,69754,22903,35600,595.61
700,46.25,64941,17728,29200,306.5
1662.6,97.74166667,90586,21131,38922,704.07
868.4,48.35833333,75560,9607,37116,411.69
1521.1,95.71666667,71679,6455,21557,473.08
1503.2,83.275,80321,7051,24863,575.28
819.6,49.19166667,76753,9521,23883,456.18
997.1,74.90833333,83892,14159,39340,369.34
995,58.25,112368,14330,35366,912.31
1167,86.66666667,114196,15452,37611,1069.56
832,60.66666667,113562,18325,33786,985.5
850,55.16666667,139809,32108,48262,1176
670,45.25,106270,20576,31887,513.39
1195.2,70.51666667,146930,29102,50070,1351.86
658,32.875,151609,15018,57493,1120.05
1046.5,56.875,127237,9546,34110,1026.88
1427.7,77.50833333,160012,12221,36356,1500.84
733.1,46.98333333,122579,12165,34966,990.96
811,59.9,152629,17002,42469,553.96
1248,60.66666667,30432,3883,12909,200.78
1214,80.33333333,34755,5180,16658,177.87
874,58.5,42482,8271,14591,123.72
941,60.08333333,56934,19231,23168,198.38
651,40.33333333,58762,11618,26104,98.5
1376.9,80.99166667,69297,15283,31716,255.15
908.9,52.89166667,79472,9020,46963,199.33
1048.8,59.71666667,67090,7217,24384,187.27
1607.7,84.44166667,78262,1668,23308,248.91
861.4,58.36666667,65363,1870,15789,126.13
963.1,67.8,98612,7820,32923,151.6
601.5,44.43333333,36248,8526,16626,22.85
834.9,62.93333333,41588,8279,22777,21.56
900.4,67.95,39399,9371,21503,18.35
1088.5,85.41666667,36247,7300,16783,14.64
1199,89.91666667,31307,12074,18244,59.75
594,47.25,28971,9336,16685,19.55
840,60.61666667,30013,13022,13535,25.96
632,54.08333333,34088,13314,22585,31.29
570.5,46.04166667,36554,15511,28932,21.33
806,56.58333333,37811,15662,32910,48.94
643,45.33333333,39119,10168,28439,27.11
717.8,49.00833333,33345,7326,19343,17.76
663.8,50.625,33893,6861,18071,9.49
518,38.30833333,27918,7761,15097,2.8
1083.8,86.06666667,33395,7053,17989,4.23
1027,71.5,22329,7075,11814,105.83
578,44.33333333,17560,5040,10332,74.8
830.5,61.50833333,21476,5368,9334,85.4
597,50.16666667,23923,9884,14783,107.01
724.5,56.8,29535,10457,22672,92.96
841,60.25,27684,8175,18593,98.43
549,40.41666667,32072,5709,23002,79.64
559.9,43.275,24537,3583,8362,37.72
654.2,51.03333333,24328,3964,12390,38.49
703.8,54.65,22880,5407,11779,26.93
939.3,75.40833333,27237,5961,13053,29.25
1182,86.33333333,37864,22215,20116,409.18
749,57.33333333,39934,22110,20017,363.55
823.7,59,37009,21832,18178,421.44
474,40.5,46232,30811,31295,421.28
727.6,46.36666667,48762,34106,30191,427.64
873,65.33333333,50212,29584,31487,441.19
782,59,51234,25622,37165,431.65
526.5,40.64166667,44161,18708,16560,325.11
730,49.975,46074,21139,20388,407.47
880.1,63.175,48694,20443,22781,395
981.2,79.21666667,52763,24028,25358,366.09
1202,90.08333333,43128,17393,16692,256.75
529,42.91666667,46744,15733,16826,209.67
709.4,55.48333333,51238,14789,14502,278.04
492,43.16666667,53403,26540,25935,285.55
604.7,46.975,57092,26867,23342,263.41
864,64.08333333,61863,21843,30942,277.06
664,52.08333333,63818,17940,30827,251.64
514,40.70833333,50020,10603,13403,155.66
609.3,48.04166667,54233,9644,14117,229.15
787,61.25,53787,17258,17248,245.46
851.1,69.71666667,53553,11422,17093,214.38
1560,95.75,32196,19946,19296,119.46
1146,74.66666667,32173,15497,19685,126.5
1214.5,84.04166667,36164,19143,19180,128.65
1325,92,33822,23041,20146,131.49
1050.2,61.31666667,35276,26286,23069,127.89
1676,113.75,35723,22081,25271,149.23
1516,103.9166667,44562,19266,35649,120.86
658.4,48.11666667,32041,13442,14451,107.78
995.8,62.74166667,34012,14675,17781,158.59
1049.9,69.11666667,37861,18097,20048,146.29
997.7,80.00833333,38684,17575,23535,117.08
2113,118.5833333,28156,16046,16669,333.12
1847,103.4166667,30281,13666,18846,314.72
2373.4,142.2833333,28247,13631,13794,323.86
2422,160.4166667,31523,17580,19893,320.8
2418.8,91.275,35506,19773,27136,319.81
2754,160,39171,18804,25692,366.59
2869,172.3333333,44119,12416,30709,376.58
1913,120.575,33134,10678,14244,328.9
2756.4,126.4166667,31152,9542,15482,380.81
2977.9,156.025,31992,11877,15018,370.01
1590.4,108.025,30424,11478,19692,286.76
2332,128.6666667,20895,18617,13439,107.86
2067,120.75,21640,16798,14153,112.24
2638.6,158.6416667,22519,15630,12693,110.99
1684,112.4166667,25069,20174,14498,108.26
2105.2,92.75833333,28970,25746,17958,108.17
1998,126.9166667,28664,20613,20846,115.48
1772,113,32332,18662,22503,116.76
1609.2,107.925,22944,15564,12239,87.47
2201.1,107.1416667,25625,16667,13679,112.1
2131.1,114.9916667,32013,25302,16693,105.3
1692,116.7416667,35227,22814,21511,88.32
902,59.16666667,61595,16856,36831,483.86
541,41.16666667,58673,15380,36827,448.38
700,52.39166667,49504,15242,26545,287.75
474,43.66666667,57849,22127,43387,465.22
757.1,58.48333333,69878,20746,51259,491.44
891,65.5,76814,27091,54844,532.01
363,27.5,91090,17200,66150,516.96
575.6,44.575,61000,11660,24737,395.38
583.8,42.15833333,77011,12441,40853,456.33
856.3,63.28333333,78151,16729,43038,504.16
690.2,53.975,81044,16279,48506,371.56
723,45.41666667,70685,24901,40211,329.39
757,59.33333333,63266,19727,36444,348.07
650.4,48.25833333,72188,24892,34909,416.63
362,32.41666667,77246,26642,47029,441.87
834.4,66.625,93423,33240,54995,380.92
672,51.25,88074,26674,54774,462.98
380,25.83333333,98034,22773,69604,410.63
544.7,41.13333333,85611,18846,36507,387.78
604.2,43.26666667,91046,18521,39243,418.62
795.5,57.94166667,103501,23837,45302,408.13
597.9,47.46666667,84680,17130,43675,341.44
932,54.5,56967,21330,39964,122.68
713,48.66666667,58185,19092,45072,117.95
860.3,58.21666667,64193,24715,41282,154.93
534,47.08333333,66923,27313,51686,102.5
791.7,50.13333333,70413,31765,60494,95.47
873,60,78970,24660,58408,133.81
744,53.41666667,96206,24389,77132,137.78
686.3,43.89166667,69090,14298,30441,155.57
909.6,61.25,80132,18887,40640,157.35
1031,63.08333333,70219,29821,29547,145.98
867,54.41666667,76241,32020,37142,99.25
944.9,60.39166667,79642,33296,29910,100.52
921,67.25,88002,56100,56443,93.41
1216.2,68.74166667,99266,58403,58084,84.04
1190,71.5,101487,46713,64120,135.88
1153,75.41666667,101386,35744,62121,132.5
561,37.28333333,86336,28451,32350,95.08
774.1,45.73333333,92843,29590,41720,123.84
976.8,58.93333333,92481,36446,38556,176.69
616,39.91666667,50442,20609,26766,0.71
591,47.66666667,61310,19408,32611,0.43
626,48.41666667,60686,18782,29197,0.26
360,29.08333333,68952,27502,41402,0.31
917.1,74.75,77842,31934,45318,0.46
588,41.91666667,79505,29966,49953,0.59
356,22.91666667,89767,23897,59476,0.47
427.9,28.98333333,76796,23388,33345,0.38
612.7,40.875,80918,22493,37078,0.31
596.3,41.8,74871,28122,38052,0.23
456.1,37.41666667,79543,16555,38795,0.23
988.8,52.98333333,14962,1961,5995,5.54
827,55.16666667,102236,38458,57449,698.79
563,45.16666667,93110,30243,51340,655.51
707.8,54.31666667,114576,51051,51359,743.07
348,31.83333333,114482,39979,64152,786.48
1178.6,97.1,126635,52307,70310,737.75
653,43,151135,46026,103845,787.56
358,22.08333333,154851,43364,106305,660.4
411.9,27.05,139690,28573,54514,735.3
757.1,52.66666667,134118,31893,59898,836
651.5,49.075,154184,44036,71510,733.65
568.2,44.6,123951,29914,66207,527.46
877,56.08333333,44168,11261,34608,249.49
593,45.25,48051,12114,36575,188.81
764.2,56.64166667,46674,13153,29153,223.25
535,39.58333333,54701,14893,45136,216.61
861.6,68.05,65468,23486,51561,180.69
881,53.08333333,66116,17666,56727,205.31
593,33.08333333,65757,11768,62120,139.12
667.7,43.65833333,56063,11111,34538,90.94
838.9,53.83333333,59590,11337,34239,147.94
735.6,52.625,68635,19222,46672,225.47
595.3,44.45833333,68344,9597,50293,108.01
3830,229.5,8426,10958,5242,285.86
4034,254.3333333,9498,10920,5153,292.41
4076,256.7916667,8138,12173,4435,275.29
3190,210.25,9778,8338,5586,274.39
3815.9,178.8833333,10673,9588,7237,262.34
4471,266.5833333,11914,7657,6338,261.18
4293,265.3333333,10702,8445,5633,268.07
3374.8,224.5,10654,6436,4462,268.86
4284.6,236.5916667,9056,5224,3739,288.23
3704.1,214.6083333,11462,8284,5712,270.35
3289.3,189.6833333,10512,8148,5753,253.36
3057,161.8333333,5863,3339,3798,166.65
3240,200.5,6209,3288,4314,163.02
3491.5,223.4166667,5917,3290,3558,163.29
2574,171.9166667,8421,4147,6621,122.44
3103.7,140.925,8060,3974,7088,155.25
2879,155.9166667,7517,4506,5084,150.72
3237,191.3333333,7479,2501,6159,155.4
3034.9,187.0083333,6021,2163,2789,150.07
3649.2,177.5916667,7263,2211,3245,170.32
3289.8,176.4416667,8111,2954,4327,152.7
2135.7,137.8,10040,3362,4547,111.64
3327,183.9166667,13122,12474,8776,81.22
2932,175.0833333,15991,11001,9223,85.32
3760.1,206.9916667,15964,12256,9860,95.48
2116,142.0833333,17791,13677,10824,84.78
2500.9,98.56666667,19661,21108,12556,85.14
2647,159.6666667,21604,15030,15503,93.45
3077,196.5,20817,16785,19071,93.23
1807.7,120.3333333,14257,12043,7733,77.78
3031.3,155.1333333,18302,12656,11060,92.21
2630,140.35,19627,14582,11158,86.9
2486.6,173.6333333,22217,17542,13246,76.49
902.6,68.95833333,42189,6873,14687,645.34
905.3,64.16666667,43956,7630,14125,843.36
907.8,71.40833333,42130,6869,14755,716.1
2256.8,179.55,44942,7797,16786,748.5
1901.9,155.075,71970,34392,37601,730.28
1350.2,109.35,71220,28220,35413,888.49
1222.4,93.19166667,55950,24614,20693,815.45
1836.8,148.15,67720,37549,20707,675.02
1068.8,83.95,72927,38121,25485,790.79
1547,125.8916667,80610,37203,31272,813.52
-1,15.38333333,94592,29852,39832,719.86
882.8,68.95,90108,19499,34128,735.82
977.7,78.3,87590,21849,28359,1362.57
1217.9,98.025,94608,27515,32796,1474.55
1705.7,135.2,105656,24957,36848,1280.44
4508,368.2416667,53759,17936,23817,560.98
884.6,70.85,59161,18618,26736,495.24
1145.9,79.99166667,59285,26904,23876,534.28
857.9,65.60833333,71039,32173,21804,489.81
1096.8,85.98333333,64225,29299,25559,460.81
953.1,69.15,71662,26532,28271,510.52
-1,11.53333333,78168,21973,33891,453.75
809.9,56.65,75547,15918,26116,478.31
792.6,61.55,68177,15076,20806,551.9
685.7,51.36666667,61652,14509,20789,633.96
1359.2,108.55,83073,15341,27642,752.96
1216,94.49166667,35249,29685,19773,349.33
915.2,73.76666667,50315,29250,26827,284.6
952.8,69.89166667,49432,32018,25940,235.45
1107.4,84.3,62134,41013,29175,317.71
1020.4,81.14166667,60407,36026,33002,297.07
1239.3,93.95,64046,43575,38045,365.08
-1,17.84166667,73319,30890,46145,380.75
831.5,61.00833333,57696,20789,30013,199.06
830.9,65.475,50209,18903,24409,423.97
857.7,69.625,61297,23226,27280,345.33
1135.3,91.95,67254,23667,34285,434.67
1334.9,104.8583333,61252,38386,27956,253.24
765.6,61.94166667,58951,37810,29953,308
721.8,56.89166667,58576,41957,23882,184.01
1223,84.18333333,54327,40816,22574,194.89
847.9,69.6,52219,37414,23264,223.42
856.2,68.01666667,57246,36338,24290,242.76
-1,22.625,55554,32563,28085,369.22
559.5,42.6,45896,18072,17160,248.58
898.3,64.34166667,40033,19666,14530,151.73
1221.9,82.675,46296,26260,19380,320.06
992.8,78.38333333,52116,25517,21137,291.01
1345.4,105.45,70761,41776,40179,521.63
760.5,63.325,88430,56503,46555,572.58
881.1,70.41666667,100454,63639,47694,476.5
1058.8,79.23333333,105578,67656,44864,576.85
675.8,55.61666667,95992,56997,42764,576.62
962.7,76.39166667,95911,51291,43088,598.76
-1,8.066666667,107788,47674,54336,638.76
419.8,34.98333333,83411,24631,33495,259.44
522.9,43.46666667,78183,25227,29089,589.95
535.9,43.54166667,84259,32101,33209,609.89
864.4,70.94166667,91864,33772,40816,601.54
1464.2,117.6333333,94647,34755,32993,837.03
841.7,69.99166667,82446,34987,30058,1866.86
1067.6,85.925,72779,38143,26167,1133.67
1448.8,115.9,94697,43098,35622,855.04
1296.7,107.1666667,95495,41857,38296,1400.38
1373.8,111.1583333,86317,36841,33712,1140.85
-1,10.325,100022,33438,44196,1813.04
685.5,54.49166667,73799,16343,23575,834.93
715.7,58.68333333,92679,23701,29859,2316.46
910.6,71.575,96777,26749,31477,2195.63
1103.8,88.05833333,101131,27026,36700,1696.83
1258.3,98.975,52129,26845,24464,375.08
814.7,67.88333333,53553,21012,23726,412.98
766.6,63.15,46911,24532,18588,344.38
998.2,78.4,67143,37996,23934,420.18
834.2,60.875,59534,33398,25507,360.18
1225.9,98.15833333,63394,31028,26168,432.12
-1,15.375,65922,29105,30940,486.75
548.4,43.35,45159,12958,19542,143.45
610.2,50.48333333,39164,13229,17355,240.54
744.2,60.68333333,46643,14709,20325,340.08
1002.5,81.71666667,51926,17755,22215,354.99
1274.8,102.2,27141,8226,9436,538.3
1634.5,136.0916667,30203,5966,9900,490.85
1477.9,120.5583333,32608,9964,13455,439.72
565.6,47.13333333,27916,9234,11565,437.7
1104.6,88.35833333,27649,8468,10964,536.94
-1,8.183333333,29106,7408,10287,866.89
536.5,43.35833333,22617,4353,8690,239.34
935.7,77.95833333,22446,5568,6793,729.45
1018.9,82.95833333,31571,4852,11153,593.55
1022.6,78.34166667,37526,16964,14678,390.89
1177,95.85833333,40452,16020,15874,479.28
840.3,66.025,36704,17517,10605,388.68
1286.7,103.9833333,45232,21494,18456,482.37
677.1,56.36666667,42198,19654,15954,452.56
835.1,64.30833333,40109,14865,13638,441.26
-1,16.35,38383,15445,16218,441.97
724.1,59.00833333,30088,5927,12936,207.05
918.4,72.325,25544,6746,9645,418.44
1350.8,111.3916667,35144,7232,12627,517.33
1547.7,127.7916667,42568,8957,14752,563.01
2401.3,162.5166667,3824,4543,1346,4.72
1658.5,125.2833333,3200,4284,1540,4
1872.8,132.7,3348,3547,1390,4.29
2216.6,155.2333333,3697,4539,1827,3.05
1044.4,87.03333333,4806,4293,1194,1.78
1889.1,126.3333333,4393,3111,817,1.4
-1,24.08333333,3841,2682,1568,1.65
1467.6,107.2083333,3078,2231,547,1.15
1534.2,103.7916667,3689,2337,646,1.42
1957.1,135.7083333,2859,2192,435,0.15
1720.7,135.575,2544,2631,648,1.42
810.8,62.63333333,5037,1586,2134,57.88
1201.4,90.60833333,6693,2406,2873,66.7
1316.2,107.2416667,7206,3266,3415,66.94
1814.1,147.9916667,8089,2793,3581,55.79
3563.1,193.8416667,16542,2351,2555,310.6
3139.3,165.4666667,18965,2618,2951,257.4
2594.7,155.9166667,20551,2857,2658,309.25
2781.4,154.6916667,18098,1866,2059,303.4
1990.2,58.30833333,17863,1783,3346,290.76
2192.9,122.2666667,16722,1911,2218,362.94
3026.5,155.7333333,17433,2112,2994,334
2472.3,100.4583333,18932,2116,2487,328.7
1827.9,97.5,18891,1843,2580,306.5
3975.7,202.825,11097,704,1081,295
3831.9,200.4083333,12789,799,1281,314.5
3757.1,227.7333333,13250,1480,1898,334.62
3323.2,200.8583333,11350,996,2464,359.8
2256.5,89.26666667,11986,3073,1638,329.43
3071.3,177.7916667,11443,1017,1905,333.33
3802.7,174.225,11299,1624,2952,365.9
2957.5,128.2416667,13595,1392,1817,350.8
2244.4,141.7583333,12719,1412,1989,339.9
3634.6,190.1666667,11451,2496,2763,419.4
3698.7,214.6916667,13344,3041,3725,440.4
4076.2,266.3416667,15426,3649,3601,410.49
2991.2,194.2416667,10343,2861,3569,417.1
2874.4,126.975,11103,2576,4974,407.55
3720.7,204.9166667,10795,2032,2663,428.18
4357.4,214.2833333,10968,1877,2402,451.6
3034.5,129.5416667,11034,2296,2706,448.3
2354,162.1333333,13365,2951,4214,370.2
1490.7,91.275,67329,15650,37760,58.7
1573.9,88.1,76220,17446,42278,49.6
1195.7,70.51666667,76752,21533,38708,68.4
1184.1,78.15833333,85549,21793,52105,65.8
950.6,55,77097,18791,39087,80.79
1211.6,67.125,91831,22270,51200,93.3
1073.5,57.86666667,89524,26118,47561,86.7
838.7,48.675,80910,24208,50438,101.1
558.3,35.38333333,52970,9783,16878,35.9
598.1,34.88333333,71213,14529,19852,34.74
404.3,19.40833333,72072,19332,24557,35.76
541,32.75833333,69918,36001,37005,0.3
595.4,28.98333333,94338,54208,48087,0.14
591.2,40.78333333,82187,34346,44321,10.24
601.2,38.09166667,96741,31912,55264,19
473.2,36.54166667,70260,27499,48196,17.2
1233.7,70.85833333,66482,22495,34693,73.8
1183.1,70.85833333,75161,25107,38958,68.9
910.5,54.10833333,75211,29380,36560,78.2
810,59.20833333,84030,30423,45569,75.5
690.6,44.09166667,82459,24412,38374,106.16
1106.4,59.1,100054,34284,49921,153.2
1007.3,51.81666667,89233,34088,43262,136.1
803.9,55.15,84722,28373,48008,107.3
1530.3,85.75,40498,14780,18863,73.4
1362.1,73.68333333,45839,16606,21524,93.3
1142.5,69.9,44015,17700,19779,102.4
862.1,63.56666667,62449,33364,36351,109.3
1186,53.825,57162,21845,32013,76.9
818.2,51.85833333,44251,15488,20289,70.04
925.6,52.89166667,47096,18094,23320,75.6
1002.6,57.65,49866,20397,23562,94.7
649.3,47.95833333,45083,16037,23015,79.7
1065.6,62.6,48034,30192,25326,39.5
875.2,56.19166667,54285,33739,28115,28.9
775.2,53.94166667,56764,39832,34149,43.61
726,57.5,71037,34657,33141,38.7
692.4,42.81666667,81036,35869,48323,35.07
470.4,30.61666667,58363,22142,27974,33.74
625.7,36.675,60819,22403,27834,25.5
772.4,46.73333333,56600,25272,24195,31.4
480.8,38.15,47004,20165,26692,43.4
653,50.26666667,63586,24695,32365,0.33
2809.8,154.6833333,54086,24929,24003,247.8
2611.4,136.05,61474,28184,27809,286.4
2260.6,138.5333333,63657,29352,31709,338.02
2082,146.0333333,42606,17343,22690,287.2
1883.6,66.19166667,69702,34558,42920,293.27
1618.9,90.275,71049,26804,29658,283.96
1891.6,88.79166667,65996,24992,24460,341.8
1692.4,77.53333333,78964,32194,33235,338.6
972,66.28333333,68301,24587,30649,276.6
683.4,36.18333333,43590,9723,38755,0.16
614.2,26.04166667,38636,12798,28853,6.23
499.5,29.76666667,40899,17414,34859,0.33
1329.3,75.68333333,26093,2400,19404,62.9
1076.4,61.00833333,29683,2789,24328,70.6
1250.7,70.71666667,30926,4000,20900,75.6
930.2,38.875,37371,5721,30062,81.27
1019.9,56.76666667,41831,7029,22939,100.45
1443.5,80.4,42748,6205,20062,105.2
867.7,38.74166667,44227,9704,22985,95.5
1121.8,79.00833333,52947,9250,31892,107.3
1797.5,112.65,29252,4725,13565,577.5
1347.3,66.24166667,33697,5652,17356,494.3
1009.3,84.10833333,36794,7549,15737,672.69
928,77.33333333,28825,1830,17565,381.82
1392.8,81.96666667,33386,4202,17253,734.97
1764.7,97.85,39120,3164,16996,649.59
1012.2,45.5,38014,3282,18606,699.5
1169.2,76.5,46098,2204,21284,573.8
1602.8,89.475,30832,3429,17067,437.8
1270.3,67.9,35593,4142,22123,405
1455.2,92.975,38706,5484,19063,483.14
1338.3,74.5,46347,6396,21869,490.78
1904.3,93.21666667,45373,4035,18750,450.2
924.5,51.29166667,50631,7106,25011,319.6
1142,72.83333333,48570,7397,12892,254.98
941,40,53668,10149,14253,207.08
864,41.83333333,68786,9501,18537,247.01
766.8,45.40833333,74522,11502,23002,197.77
387.1,10.13333333,69031,7756,21476,239.4
406.7,28.38333333,71800,1781,12774,230.48
929,49.65,77222,1661,14832,290.15
698.1,27.79166667,83449,2837,18649,347.73
415.7,17.475,77500,3275,18594,336.39
834.9,10.225,105063,9986,27257,0.09
889,61.25,27156,8574,8926,27.4
920,31.33333333,29307,7737,9083,26
900,38.66666667,26119,6804,7535,32.1
757.5,40.81666667,31117,10014,10934,40.6
427.1,14.69166667,40422,12118,14330,28.6
401.7,27.375,48784,6173,8244,33.3
1165.1,68.04166667,48092,6336,8104,28.4
621,25.26666667,57991,7967,9956,29.11
453.4,23.81666667,39326,5958,7167,19.55
1328,79.83333333,55983,6561,12922,61.3
1673,82,63307,7528,14684,57.4
1183,54.08333333,68340,11912,18257,83.6
851.2,48.90833333,71358,12840,19950,67.1
624.6,40.725,80683,4642,11075,63.2
1442.1,81.30833333,83372,5055,12317,50.7
715.6,32.86666667,80753,6538,13452,66.82
431.7,17.01666667,62916,4816,10122,63.87
1285,79.66666667,24973,11874,12517,205
2448,113.6666667,25925,12425,13395,202.5
2245,123.0833333,26905,12996,14115,261.5
2246.3,124.2666667,30592,16076,20319,259.4
1830.9,54.15833333,30436,17044,18491,267.1
1497.2,81.10833333,31516,7986,10085,300.7
2804.1,142.575,31308,10194,10253,348.71
1970.1,67.975,29963,9385,10398,338.52
1461.1,75.00833333,28818,9801,10357,294.03
3802,247.4166667,38,13,13,20.9
2626,113.0833333,41,8,28,20.4
1860,85.66666667,95,0,0,22.8
2593,170.5833333,96,0,0,22.7
1473,50.58333333,77,0,23,17.4
1450.2,81.55833333,233,24,90,21.8
1642,93.375,409,35,144,43.18
1203,53.83333333,561,295,293,21.6
1173.7,60.83333333,433,0,41,41.66
1273,64.91666667,101150,13003,16744,429.6
1388,64.75,94878,7937,18549,333.2
1114,51.08333333,107283,12532,20375,468.1
758.1,45.925,120669,19100,24221,398.1
448.1,13.59166667,143340,19271,27082,411.7
644.4,43.29166667,122927,7170,10827,443.9
1027.2,51.45,127179,6446,13034,565.12
800.8,40.59166667,123797,7306,16209,584.24
519.6,19.375,133500,7647,15567,574.85
1220,63.91666667,55156,3028,17981,25.12
1420,88.41666667,62520,2978,19051,30.72
1119,36.75,72154,3777,22833,35.99
607.4,38.9,75617,5261,26753,23.13
448.3,13.63333333,79009,8304,26586,24.8
456.7,28.54166667,77659,2259,14058,6.52
904.9,37.48333333,76089,2681,15024,19.61
768.9,39.90833333,90054,4106,15843,25.99
688.3,15.2,87633,3488,18319,26.32
1016,42.75,52968,1685,14810,122.6
778.7,50.04166667,68961,727,10105,155.5
1103.5,54.45,66506,830,9913,159.44
1037,48.75,53013,6800,19729,14
1721,107.0833333,60797,7899,22292,14.5
1294,39.41666667,67312,10647,23929,22.4
668.6,38.36666667,62093,11837,22559,18.4
659.9,21.25,62967,14393,24808,16.4
792.1,47.18333333,65801,6626,16529,8.2
1134.7,55.2,69156,9005,18051,3.56
939.8,52.50833333,75539,11503,20374,10.15
750.6,29.54166667,70828,12582,20997,12.67
2305,147.1666667,56580,22441,27292,141.9
2059,73.66666667,59413,23350,28536,158.6
1555,88,54860,25020,27389,176.6
1622,91.69166667,65037,34850,39359,197.1
1291.6,44.5,79530,42301,48274,201.1
816.9,51.36666667,66779,19643,25117,233.3
1958.7,109.7083333,64972,18200,23325,268.87
849.6,40.01666667,75236,21899,30147,241.43
899.9,49.125,63621,17951,21828,227.2
967,66.16666667,46292,4162,17528,1.1
652,23.25,47729,2060,17171,0.9
840,39,59474,2797,23001,1.5
738.5,53.99166667,59291,3510,23699,1
330.7,25.325,58197,879,21181,0.4
672.3,41.64166667,65508,1370,20814,0.36
374.9,11.725,69654,1716,24265,1.66
498.7,29.21666667,6751,318,4638,0.02
657.3,42.425,11045,683,7792,0.02
663.4,44.48333333,11054,1551,9430,0.02
572.9,35.34166667,14557,363,7151,0.02
685.6,32.09166667,34287,1087,10892,0.19
448,15.25,35171,591,13555,0.2
557.2,37.63333333,39889,747,14792,0.32
880.9,62.75,41481,1087,17416,0.48
481.1,28.05,48119,1581,22798,0.52
820,50.48333333,49156,2016,23301,0.77
647.1,43.85,44658,773,21638,0.71
598.7,38.8,51912,657,20894,1.39
663,37.25,49580,56,12463,0.86
436.5,28.44166667,50128,477,19145,0.77
518.2,33.5,54268,1152,22180,0.58
1243.2,57.10833333,27382,178,3384,46.69
1089.7,68.6,40990,506,8606,37.54
1087.6,61.63333333,41295,676,8544,32.23
698.1,17.6,40055,963,14555,8.58
365.1,16.79166667,39584,791,16888,1.49
422.3,25.90833333,49470,2324,20224,2.09
784.4,43.325,51201,3192,26170,3.81
528.1,28.58333333,63569,4920,32859,4.16
790.3,51.25833333,54662,3885,34485,4.48
751.6,43.75,59439,1005,30017,6.95
724.7,45.78333333,70291,1341,23080,2.92
550.7,30.16666667,69296,9,17105,4.73
485.6,28.9,70409,506,21259,5.79
549.1,32.28333333,80191,453,24907,5.98
563.5,33.10833333,16126,654,8022,0.42
723.3,45.925,23749,713,8949,0.33
570.7,20.98333333,22928,569,7950,0.5
505.3,31.38333333,20392,818,9405,0.5
354.4,11.65,15935,141,7122,0.65
732.3,48.74166667,31947,836,14659,0.79
734.2,47.2,29460,1048,11521,0.69
641,43.58333333,34226,1346,10456,0.45
691.1,35.18333333,34121,449,10186,0.63
748.5,46.425,31353,816,10802,1.12
547.8,21.34166667,27301,437,10508,1.14
267.1,13.50833333,17528,156,4172,0.03
338.2,24.48333333,15461,23,6000,0.32
203.7,7.933333333,13144,105,5534,0.1
420.8,27.325,23543,457,11611,0.08
340.8,21.36666667,21299,821,9556,0.06
320.2,24.825,24258,100,9408,0.05
303.6,17.11666667,27546,77,9568,0.04
271.9,16.14166667,24411,120,8989,0.08
480.2,26.51666667,38268,111,15745,0.03
562.3,25.60833333,24856,744,7316,12.49
517.9,27.8,27562,442,9071,16.21
585.7,31.11666667,32083,1073,10324,39.55
564.8,33.08333333,35274,613,14925,45.34
657.3,43.29166667,36890,1039,17977,42.97
841.4,55.125,36493,1031,15891,34.22
594.9,36.5,41371,801,15047,38.18
896.6,39.775,45994,97,12675,71.95
756.6,52.025,45915,222,14221,76.73
796.3,42.775,45028,257,18454,88.82
638.6,32.15833333,33707,1447,17293,0.97
1121.8,73.13333333,45327,1161,17383,0.96
610.3,24.50833333,45808,2438,19744,1.75
813.8,43.93333333,40761,1963,19567,1.58
640.8,27.29166667,37084,1894,15169,1.9
828.3,49.09166667,51034,2588,22504,2.57
861,50.1,49899,2187,19834,1.71
761.7,50.225,55532,1633,18794,1.23
930.4,47.125,51875,837,16241,1.48
841.3,46.39166667,49874,1223,18052,1.91
685,26.88333333,42337,1025,23310,2.54
945.6,39.025,7982,87,1414,39.24
955.3,46.06666667,8473,115,2260,25.09
210.2,15.56666667,107715,2672,33848,70.18
169.8,12.71666667,95524,1602,31726,80.96
345.5,25.03333333,109905,2016,34876,89.38
264,18.80833333,109838,2717,44908,104.64
168,7.15,112780,6655,43270,107.77
325.8,21,125069,5232,57334,108.5
371.1,28.44166667,135284,5115,63183,99.15
258.8,16.81666667,135755,2864,46153,79.68
233.3,15.225,117310,15,33541,122.69
351.1,22.825,128084,1797,36275,139.12
378.9,21.84166667,138829,1507,62413,133.06
661.8,26.63333333,17830,345,9736,1.06
1087,66.525,26070,266,16735,1.14
726,37.31666667,23317,853,13384,2.39
618.7,36.55,22310,405,16258,3.03
657.9,26.18333333,24897,926,13014,3.63
621.9,31.5,25148,1595,18168,5.86
1227.8,74.70833333,30988,751,22332,7.3
689.9,35.5,32393,461,18134,2.86
1438.8,64.95,34011,53,13414,4.42
880.9,53.61666667,35122,378,14802,7.06
1164.6,45.00833333,39396,322,22876,6.59
665.2,24.86666667,70893,2630,35324,22.41
964.7,65.48333333,74473,1571,35295,21.32
746.6,32.825,73397,3430,32754,31.25
662.5,41.09166667,81080,1572,42619,56.85
539.4,18.60833333,81694,3727,40084,56.22
593.7,34.18333333,80561,2728,46496,62.06
1228.7,82.03333333,92161,2491,51603,38.41
636.2,36.54166667,94833,1718,46554,33.1
1190.8,57.425,95158,401,35347,40.85
814.5,46.375,96172,1064,44631,93.7
832.2,40.68333333,110727,1492,64176,93.68
559.1,17.61666667,33578,934,12758,3.12
426.2,23.08333333,30026,132,11889,4.37
744.2,41.075,37276,395,16333,4.81
421.2,25.63333333,37936,325,15924,1.24
818.3,54.40833333,42956,839,19178,3.55
820.7,51.675,47305,656,19707,2.95
700.7,46.35,49159,272,19508,3.31
940,48.76666667,50840,1,15112,3.6
731.3,48.70833333,50050,415,18675,4.46
574.4,36.16666667,76100,343,21733,6.69
897,52.25,36320,844,14665,6.35
877,52.325,36501,1280,13081,6.55
704.2,43.58333333,44700,1819,13292,5.64
747.6,38.39166667,33867,477,10150,6.49
739.2,38.83333333,43575,1523,13759,6.1
679.6,25.85833333,43157,3779,17106,5.3
925.2,52.08333333,68797,2429,19430,590
951.5,51.125,84410,1862,21081,636
1188.5,79.725,85615,1826,20227,617
1220.4,82.36666667,83516,3271,18330,663
568.3,26.74166667,81130,4299,24960,640
445.9,36.2,85369,4360,23197,705
620.1,48.73333333,86686,2621,24338,649
1178.7,79.43333333,90232,944,25465,618
1499.1,94.90833333,82226,1073,20972,585
1047.3,69.04166667,86632,1729,16168,524
1167.7,74.15833333,93814,1695,22744,588
527.4,34.25833333,122565,7478,32205,1003
572.3,34.025,145349,4338,35476,1052
579,43.34166667,148791,4499,34769,1085
869.3,60.41666667,127540,3831,33553,1057
263,15.19166667,128305,5765,37171,1031
679.3,41.925,134513,7046,41982,1003
332.2,23.75833333,142726,5215,44237,972
469.1,35.14166667,148457,2463,45723,1143
685.8,46.55,136274,1266,32115,1112
325.8,23.575,140325,4909,39651,1045
562.9,34.84166667,151290,4410,48915,1017
645.6,38.60833333,37663,3413,13650,422
453,25.41666667,40674,2269,12462,414
195.6,16.3,41139,2351,11943,428
712.5,59.375,41170,3167,13137,428
756.5,33.70833333,46629,4015,16670,452
554.5,27.04166667,44868,4102,16692,459
7,0,45886,3003,16224,433
597.9,43.41666667,50860,1379,17617,445
696.7,47.39166667,44761,2176,11432,451
605.7,42.65833333,47438,1569,10130,439
659.2,39.73333333,49745,1695,13006,474
848.1,47.525,87862,10625,27853,630.31
502.3,29.94166667,89962,4087,28278,641.49
583.1,35.275,91133,3766,27076,672.34
724.7,50.06666667,88366,9915,32294,717.93
607.4,27.09166667,93540,10974,40080,777.52
560.3,22.94166667,95934,11421,38715,728.91
666.8,54.38333333,97615,6446,39379,720.86
399.3,25.69166667,109643,3062,36559,768.96
593.9,39.7,89853,3203,23660,719.22
311.3,18,89944,3126,34967,753.86
376,25.91666667,95223,3425,39682,806.72
679.1,34.15,60346,4804,19118,248.69
455.5,25.54166667,57469,2933,17424,238.51
587.7,31.85833333,58028,2700,16821,260.66
993.1,64.89166667,54656,4009,17793,292.07
590,24.84166667,56177,4378,23081,338.48
635.8,33.21666667,55463,5889,23634,351.09
673.8,45.375,57073,4139,23137,357.14
442.5,25.975,57751,2149,22443,344.04
586,38.11666667,66892,2994,19764,330.78
462.8,24.51666667,61695,3053,26455,332.14
593.8,36.53333333,64307,2478,29318,353.28
443.6,15.55,38926,1470,11087,183.5
791.9,46.99166667,49805,1171,14365,179
990.2,66.59166667,50034,886,13536,173.5
1052.1,74.725,32359,809,9787,183
679.2,36.65833333,31357,982,12967,184
897.2,39.76666667,38778,2348,12332,210.5
11.9,0.991666667,38934,1542,13254,186.5
782.9,48.20833333,47800,337,14411,203.5
957.8,61.41666667,33906,589,8507,175.5
625.9,41.55833333,35959,1575,14447,176
830.2,48.69166667,37122,2021,17730,219
452.4,25.25833333,105082,4116,36427,1184.15
390.5,23.04166667,117030,3074,30711,1135
428.5,31.50833333,118481,3215,29848,1190.45
840.9,62.63333333,112713,7096,39370,1189.45
552.9,22.5,113564,8279,41091,1264.65
604,27.25,124289,7927,41956,1185.35
68.6,5.3,118985,4289,38570,1148.6
308.3,19.7,119877,2528,42693,1226.6
554.5,37.85833333,130148,2990,31453,1189.65
360.3,22.45833333,159253,1613,26762,1175.1
622.4,33.34166667,169788,1694,33270,1238.6
291,17.68333333,283878,8817,83295,1971.28
245.1,14.425,267232,6207,74743,1925.54
306.6,18.55,270812,5975,73293,2033.42
119.3,9.525,285036,9316,82892,2246.84
133,9.291666667,293022,12655,93202,2157.62
203.4,8.283333333,292674,12504,96702,2127.64
61.8,4.4,305032,10405,103451,2047.84
65.5,4.808333333,309917,5627,97647,2321.66
333.7,19.7,281186,3466,67000,2328.1
204.7,14.53333333,234560,6410,61178,2325
169.9,10.36666667,254506,6131,80665,2489.98
533.5,30.50833333,187765,10225,59238,1032.72
380.2,26.85,185994,6058,56626,960.46
259.2,16.88333333,186817,5989,55236,979.58
527,39.06666667,200788,5452,57353,1143.16
252,12.15833333,204794,9936,64389,1219.38
253,13.19166667,211863,8537,63716,1165.36
132.2,8.766666667,210097,8196,72397,1108.16
215.9,15.60833333,228249,3451,69408,1223.34
592.5,40.45833333,190079,3071,45946,1280.9
336.8,22.73333333,190886,7551,38005,1280
399.2,24.85,205313,7651,50282,1497.02
500.4,26.79166667,126247,3049,36859,1653.88
339,18,142054,3815,31852,1664.2
159.5,13.29166667,143852,4262,31263,1703.64
418.5,31.25,177203,4882,39600,1747.04
324.5,8.133333333,176882,5664,43759,1800.28
416.1,13.09166667,180973,4963,41072,1677.92
30.5,1.841666667,180244,4443,42523,1676.12
214.4,15.88333333,175450,1396,52216,1819.72
325.4,25.60833333,173092,1464,32523,1818.08
270.3,20.675,146078,2447,42136,1817.92
492.7,32.09166667,152107,2949,48826,1875.72
645.2,33.95833333,135458,6677,30303,1273.47
382.6,17.46666667,119014,2782,30594,1291.8
464.8,34.71666667,120767,2909,29899,1345.41
1320.4,101.55,128432,4769,35185,1332.51
516.1,32.51666667,132797,6876,36222,1371.07
483.7,26.70833333,138191,4338,35170,1205.23
79.5,5.625,133281,2551,31139,1242.78
371.6,20.35,147464,725,38302,1276.18
503.8,31.2,135598,1735,31860,1276.77
395.8,28.45833333,159368,3596,18090,1238.98
514.1,30.78333333,174062,4789,34284,1263.68
474.3,27.29166667,224329,5747,68088,524.75
253.3,14.79166667,233304,4595,68864,603.46
198.3,16.025,259529,5048,76204,634.4
446.7,30.25,264400,7003,94781,698.95
261,17.475,271844,16488,95714,620.24
330.2,19.64166667,288668,13136,98264,687.24
300.4,22.21666667,324722,13240,117272,671.66
265.6,19.4,303806,4568,91167,730.4
415.4,29.26666667,275567,3848,71715,773.85
186.4,12.56666667,298608,10301,84444,822.3
299,20.84166667,255679,4211,82057,930.63
638.3,27.21666667,62803,1870,19484,103
316.5,16.75833333,68755,1906,22588,105
435.1,30.64166667,89055,2400,26468,126
614.1,51.175,87193,1248,29609,120
437,30.74166667,86398,7188,33050,141
1019.3,53.20833333,79655,4761,33663,140
461.6,31.2,77409,3687,31261,149
486,28.2,85030,2025,33689,134
401,25.40833333,72032,2517,18282,149
297,15.36666667,75184,4125,24421,159
466.7,23.86666667,99810,1799,32772,138
813.6,39.65,72951,1304,18045,343.86
352.4,16.03333333,74111,732,16970,333.14
464,33.55,84214,2186,18115,341.34
561.7,46.80833333,83898,2590,23181,320.38
406.8,24.375,87544,3240,26314,379.16
711.7,39.66666667,87798,3858,26196,362.48
688.7,48.975,90655,2401,28520,379.98
220.6,15.01666667,91218,749,27106,410.16
485.7,32.675,86028,1061,15391,417.6
282.9,19.33333333,96787,3847,20162,423.6
416.8,27.5,93866,1183,25149,401.2
323.1,21.575,43815,1129,17849,9.86
160.4,4.791666667,45543,540,19519,10.15
330.8,23.38333333,50635,1216,17705,14.21
827.5,58.875,60549,398,22483,17.4
276.9,18.81666667,56959,4170,24775,17.11
704,44.86666667,59700,2863,26426,19.72
593.3,42.45833333,64787,2812,28194,21.17
377.6,27.8,69157,1625,30618,17.69
407.7,26.38333333,63262,1128,16306,16.24
293.6,19.95833333,67636,2329,19454,13.92
273.7,16.46666667,68671,785,28646,20.59
1058.2,49.70833333,81403,6301,25004,471
669.7,31.13333333,79674,3532,22389,502
954.5,69.875,91354,3856,21339,524
1227.9,79.99166667,90368,4883,22054,512
779.5,49.30833333,96393,10033,32871,596
1172,61,92279,8426,30941,556
1215,58.75,92409,5151,29569,615
549.5,31.15,93389,1887,24955,645
947.6,60.09166667,89711,1863,16241,600
686.4,41.41666667,90036,5127,21102,596
689.9,41.14166667,121887,3625,31158,638
562.7,40.65,257869,9909,67799,1509.14
322,17.05,250207,5759,58159,1574.86
600.3,42.23333333,254239,7381,62403,1678.66
613.6,42.49166667,246545,11448,77295,1362.62
485.6,33.49166667,244767,15046,75208,1557.84
581.8,32.81666667,245050,11459,74921,1375.52
487.5,36.08333333,250720,8285,83119,1539.02
359.6,26.49166667,258655,5119,66836,1678.84
691.8,46.825,255873,3970,35336,1677.4
561.7,40.06666667,266793,7679,54181,1575.4
639.7,32.075,277673,4969,57050,1543.8
611.5,32.71666667,104255,2412,36301,232.39
432.9,28.9,111050,1154,35628,246.39
235.4,16,110477,1506,35036,287.39
580.6,39.89166667,113313,1791,44109,267.65
402.8,26.81666667,117969,4484,45232,316.65
474.5,32.41666667,120893,3124,45538,324.04
243,19.04166667,120191,1955,51691,381.17
263.5,17.125,121730,681,36195,324.91
262.8,17.76666667,108088,1265,25187,406.91
147.7,10.075,118241,2792,29901,398.78
322.3,20.425,119514,3129,33760,471.78
1135.1,64.00833333,78933,9218,21722,169.77
506,22.91666667,87918,7576,23035,128.35
887.6,58.725,73587,3555,17130,129.64
768.4,64.03333333,73881,4760,18628,148.24
555,46.25,75223,7047,23871,175.38
670.3,39.86666667,61126,5515,21461,150.25
883.7,55.14166667,79928,3697,17827,162.98
713.3,46.69166667,95133,4035,26555,172.1
1541.9,97.15833333,82281,2570,19025,164.6
567.6,35.05,88084,4699,25632,184.64
737.5,41.96666667,80946,5437,26924,196.19
823.2,53.93333333,85216,3765,19692,63.5
662,17.58333333,95093,3219,21617,52.49
478.8,31.45833333,71458,2308,18182,52.37
245.6,20.46666667,74134,3108,20263,70.26
282.9,16.75833333,74416,4487,23282,96.76
450.6,25.55833333,48782,2420,13579,80.52
503.9,31.2,63956,2763,14758,83.2
509.1,26.48333333,93392,2164,27430,90.35
1063.7,80.725,74360,2660,19553,78.09
510.4,30.04166667,79620,4773,23138,86.62
784.3,46.175,72470,5082,27188,86.71
600,36.41666667,113137,9098,32971,123.72
210,11.66666667,126271,7129,36216,113.85
365.2,24.525,114741,8343,38956,125.29
437.4,20.56666667,120443,11046,42059,134.22
221.7,10.15833333,121024,17445,48657,164.76
376.9,20.29166667,112767,11830,41869,150.13
438.4,23.94166667,138437,8288,47328,167.52
395.4,27.25,135102,5640,45762,144.26
923.8,65,94286,3409,25169,155.75
467,29.43333333,101264,6130,29552,173.28
587.5,35.575,91159,6471,34225,188.14
705.5,31.375,75311,4629,20212,150.82
346,10,84491,3783,21181,152.13
448.6,24.175,76597,3398,25725,160.48
732.8,61.06666667,80213,4600,27673,173.89
399.2,33.26666667,80683,6475,32040,209.3
351.1,19.70833333,88781,6625,28422,196.54
330.5,19.05833333,73526,3425,21271,239.59
398.6,22.81666667,84939,3541,27160,58.04
530.7,35.7,61080,2174,15939,277.84
340.3,22.44166667,65301,3895,18937,308.09
552.4,30.375,59762,4167,22412,311.97
638.3,24.775,57370,2592,31388,113.16
271,12,64282,2136,33130,119.32
521.3,29.375,78718,5921,34219,118.6
879.2,53.00833333,82191,8224,35941,154.38
252.7,21.05833333,82780,9927,41834,145.32
437.4,24.875,88509,11027,35305,162.33
422,22.975,92771,5317,31062,229.88
496.6,29.85833333,86218,5371,39763,96.75
650.5,40.46666667,92571,3195,23086,250.83
387.1,23.96666667,98092,5686,28094,258.96
543.8,35.04166667,92652,6240,34674,257.09
879.5,23.79166667,26513,940,14998,98.47
306,5.916666667,29785,876,15510,84.24
277.1,13.60833333,31643,1393,18503,98.87
831.1,58.33333333,32959,1884,19501,113.18
377.8,23.1,33230,2662,22682,97.43
431.6,23.46666667,41482,3456,20185,90.07
507.6,28.28333333,42739,1076,24607,108.63
542.6,29.64166667,46657,1822,26752,54.73
435.8,25.03333333,45924,1653,12178,126.58
270.2,16.78333333,49256,2969,14348,114.76
503.4,29.26666667,44558,3146,16723,108.36
423.5,10.125,45371,3365,21272,19.24
328,10.33333333,50832,2623,21277,18.75
366.8,23.79166667,58670,5544,20912,19.09
545.1,30.99166667,61074,7553,22559,28.65
354.2,23.34166667,61573,10262,26105,27.05
298.5,16.825,78412,9502,31402,28.01
277.3,15.76666667,65540,2981,33671,33.03
593.2,34.03333333,64356,3710,34025,27.68
711,45.65833333,57652,2055,15080,42.66
362.9,24.08333333,61664,3684,17894,43.48
373.4,26.35,56342,3935,21131,41.72
631.3,27.60833333,49360,2611,22071,211.94
133,11.08333333,55611,2023,21753,199.73
-1,0,63448,3394,22466,233.54
1188.2,99.01666667,66159,4621,24313,259.08
521.9,33.85833333,66672,6292,28113,150.66
800.6,50.13333333,75178,5422,27272,189.67
335.6,19.81666667,66301,2793,27301,198.63
396.2,18.31666667,59633,1918,26561,194.12
795.5,50.625,54764,1952,14309,211.23
275.1,14.44166667,58565,3497,16990,228.38
336.4,17.4,53548,3738,20084,229.4
381.6,18.71666667,40355,2235,16242,80.89
628,32.08333333,45377,1791,16167,80.95
478.8,28.275,62496,1594,16823,86.67
491.3,37.06666667,64120,2177,17543,84.68
277.6,14.01666667,64619,2914,20452,74.15
388.4,21.83333333,69234,5915,24368,76.18
872.7,45.325,68560,2520,25239,87.99
472.8,25.94166667,60036,2162,23984,56.04
652.6,40.4,78744,2639,18781,82.98
316.4,18.65833333,82739,4661,23412,86.02
388.8,21.85833333,80476,5248,30059,79.57
883.4,50.36666667,63610,10124,21653,333.84
577,31.16666667,70714,7745,21036,283.61
1003.9,53.78333333,70493,3489,19016,293.46
1356.2,76.53333333,73949,4864,19701,310.03
873.5,58.25,74326,5739,23002,290.13
796.3,52.675,72053,6069,18838,273.45
899.7,53.20833333,78178,1933,17674,407.37
617.5,37.60833333,89412,2634,23669,191.38
1288.5,71.64166667,64668,2277,16614,366.56
590,30.95833333,68923,4072,19901,337.57
820.9,44.95833333,63781,4393,23902,327.41
244.7,11.05833333,61241,2853,17900,150.76
208,7,68656,2145,17838,157.15
529.1,26.775,62490,1733,9327,144.08
1109.9,92.44166667,65570,2385,10486,153.87
653.7,29.79166667,65898,3044,12026,138.03
866.9,55.59166667,66322,2664,13292,144.91
698.5,40.01666667,67862,8658,20629,203.28
474.7,25.44166667,88895,2858,26465,119.9
663.2,39.39166667,85654,3007,21896,211.3
390.3,22.40833333,91199,5370,26298,196.03
705.9,36.525,84693,5811,31730,152.86
1012.5,56.20833333,121555,13891,24613,339.33
642,28.83333333,134298,10843,24459,330.8
1019.4,66.90833333,129973,6972,21082,359.25
935.5,73.05833333,136352,9348,22295,353.13
689.6,45.33333333,137044,13832,25911,357.45
557.5,33.575,141002,10458,29841,288.11
729.8,44.59166667,124860,3716,27420,293.56
655.5,38.75833333,123627,4146,33135,311.32
1205.7,72.09166667,92886,3295,24117,324.39
738.5,37.775,99204,5900,28728,316.45
912.5,47.18333333,91119,6329,34165,323.42
617.6,36.88333333,77193,9328,28065,415.95
542,26.25,86350,7309,28691,478.24
784.4,41.24166667,87348,10283,28677,518.33
1192.5,83.98333333,91826,15041,35093,482.19
839.7,57.35,92208,12423,39557,533.47
404.8,33.73333333,83985,6180,20135,430.75
893.5,51.70833333,101144,3402,19002,555.12
879.5,49.98333333,90047,3015,25420,447.63
1125.2,61.41666667,72239,2532,18438,531.71
540.6,23.44166667,76892,4523,22163,587.16
645.4,31.49166667,71481,4899,26779,491.22
243.2,8.266666667,51567,11355,16267,416.46
183,9.166666667,57169,8892,16409,364.55
537,24.18333333,59831,6435,18096,429.23
351.5,25.025,62904,9228,21291,392.37
793.6,66.13333333,63164,8949,24189,424.58
958.5,63.73333333,52339,8152,14966,404.65
708.9,42.1,68244,3328,15893,435.51
782.3,42.125,64222,4006,19069,130.02
851.5,52.79166667,48914,1716,12496,380.14
484.2,24.86666667,52073,3065,15012,338.73
519.9,30.10833333,48380,3318,18125,436.66
284.2,16.26666667,38169,6390,10460,290.16
81,6.75,42046,5194,10647,303.63
-1,0,36788,2893,5978,320.29
388,32.33333333,38645,3919,6242,284.65
369.7,30.80833333,38819,5485,7275,313.2
597,35.10833333,29279,3049,7959,278.28
711.8,41.86666667,32331,1759,6498,316.84
380,22.41666667,45815,1920,12791,312.63
762.3,44.79166667,41023,1447,10571,306.95
526.2,30.28333333,43748,2589,12643,299.88
507.2,26.05,40398,2789,15141,293.74
1093.4,57.95,54347,1301,9293,150.5
623,36.41666667,60345,1057,9378,137.59
1163.6,75.33333333,66258,1921,12342,125.43
969.2,56.25,69873,2653,13691,143.66
698.8,49.95833333,70069,3319,15748,145.5
871,48.11666667,41975,1801,13389,132.72
884.7,51.39166667,65637,1531,12742,138.66
612.9,36.13333333,92144,2037,23872,44.27
1099.1,73.31666667,67847,2410,17660,123.3
901,42.43333333,72498,4318,21009,143.38
991,59.325,66471,4625,24925,133
668.6,30.8,59641,7765,28719,80.48
749,23.58333333,66594,6144,29510,78.12
415.5,15.81666667,74257,7900,21230,80.66
745.6,62.13333333,77442,11088,24846,93.72
748,54.825,78037,12522,28260,63.58
618.7,41.68333333,83066,10515,27730,66.79
228,12.725,79903,6823,30531,81.74
446.4,23.76666667,63695,6839,30447,94.73
760.6,42.8,46753,1669,12256,107.37
347.1,22.75833333,50029,2994,14527,85.57
462.2,25.29166667,45636,3194,17118,96.52
525.8,10.65,32706,1030,10359,235.98
228,5.666666667,36580,856,10679,262.8
220.9,14.88333333,41429,2748,14954,252.57
754.8,38.40833333,43304,3680,15707,289.43
379.9,22.825,43594,5498,18281,216.62
488.7,33.275,44335,3367,23794,242.45
496,26.85,50912,3470,24757,272.9
457.7,24.40833333,54514,2081,22378,310.05
681.7,40.475,48716,1720,12566,345.67
272.9,17.14166667,51962,3078,15021,312.43
522,32.49166667,47950,3313,17972,283.25
620.1,28.30833333,93487,4224,34684,194.06
857.2,52.93333333,59995,2162,15951,198.24
481.7,28.20833333,64381,3886,18768,161.97
388.7,24.825,58127,4112,21820,172.09
401.1,19.50833333,38106,2200,15767,140.6
407,17.75,43216,2110,16152,126.84
556.7,28.425,33337,2211,9992,148.69
1117.1,93.09166667,34856,2998,10875,200.88
403.9,33.65833333,35084,4175,12560,136.26
600.3,31.99166667,47549,2643,16500,150.61
528.7,32.75,38865,2187,11858,186.54
709.6,31.90833333,48660,1598,15948,189.52
1090.9,72.63333333,49363,1735,12645,225.23
415.7,23.40833333,52580,3100,15171,157.05
186.7,9.516666667,48759,3351,18270,167.75
844.3,45.275,85632,4360,27999,413.04
741,25.16666667,95054,3491,28874,428.29
1009.3,59.49166667,98086,6524,28797,439.5
1237.1,65.85,102614,8763,31827,520.7
496.9,27.01666667,103260,12865,36635,359.95
686.7,35.5,131670,7890,40574,427.16
416.7,24.975,113920,8052,35453,483.78
1074.6,57.43333333,97295,3775,27492,527.66
1234.3,78.29166667,70630,2476,18031,533.42
754.3,45.51666667,75182,4423,21671,407.27
576.9,34.73333333,69884,4789,26181,366.11
576.1,32.84166667,20765,287,17579,10.16
1169.6,77.13333333,23810,3400,14359,6.84
532,29.175,24043,5494,16674,5.16
498.2,28.55,43083,3105,29186,15.79
509,29.01666667,49462,1762,36768,26.26
649.4,29.28333333,81919,2358,33018,21.32
1204.1,73.88333333,110075,3934,28886,21.87
569,35.58333333,117813,7053,34218,18.45
533.5,26.04166667,107387,7519,40285,17.14
616,31.41666667,17583,192,10136,0.96
736.4,52.46666667,19039,1495,7175,0.54
500.7,32.94166667,19256,2473,8387,0.39
600.6,39.4,36809,926,9829,1.11
507.7,28.5,26737,815,12169,0.98
675.5,37.1,42726,1171,16249,0.56
1002.8,67.09166667,40702,1571,11923,0.93
502.7,30.475,44580,2861,13356,0.89
450.1,21.66666667,37296,2868,14077,2.8
1009.1,74.93333333,9562,2940,4165,0.4
599,33.4,23742,2824,10490,0.25
771.2,47.39166667,18710,1591,10492,0.19
644.5,36.05833333,58540,1777,23726,0.29
1136.5,80.375,74000,2703,20048,0.24
485.1,31.34166667,79717,4871,23361,0.09
470.4,23.51666667,70970,5101,26666,0.1
1059.7,82.80833333,12472,2450,6936,97.98
653.7,39.63333333,12596,3998,8143,54.96
459,24.46666667,27216,3874,10713,60.55
547.2,32.80833333,23375,1352,13875,90.48
784.9,37.24166667,54798,1649,21964,99.95
1289,79.825,64807,2372,17614,120.09
639.2,44.56666667,69859,4277,20490,94.68
677.2,39.16666667,62046,4470,23317,66.82
843.4,47.95,75270,10231,26041,361.5
776,33.33333333,83800,8296,29157,437.29
780.2,47.03333333,72397,9725,32494,429.08
1210.3,61.34166667,75779,13682,36415,476.53
418.4,19.18333333,76239,15192,41791,308.05
283.6,12.41666667,75868,10241,38365,454.49
669,39.91666667,80706,6666,31287,458.49
751.8,33.65833333,64541,3186,29221,465.76
1029.1,65.18333333,52527,1816,13127,472.72
922.8,50.39166667,55682,3232,15956,467.59
874,46.275,52521,3542,19658,504.19
811,43.41666667,24945,1273,12388,173.39
816,38.5,27822,1130,14790,224.97
743.9,38.925,30772,2658,18325,169.48
1121.4,93.45,32315,3494,21130,273.22
345.3,28.775,32465,5719,24107,144.28
551.5,27.05,20454,2302,17299,216.54
219.6,9.341666667,36556,3087,17404,266.41
1091.9,67.225,45478,1945,19773,282.22
1043.3,68.31666667,48810,1698,12320,253.45
707.5,38.85833333,51841,3029,14897,240.11
684.5,36.875,48566,3301,18186,209.26
757.8,39.98333333,37480,2301,10684,269.06
955,27.08333333,41845,1827,10922,262.22
961.4,43.275,42566,2186,11977,274.38
1120.8,93.4,44533,3040,12800,316.66
508.5,42.375,44813,3644,14842,278.3
234.5,12.23333333,45698,3196,18430,300.61
694,37.94166667,43619,2013,14120,325.06
593.1,32.78333333,47625,2038,15451,343.97
726.8,48.15,51952,1794,12972,342.39
492.1,27.63333333,55063,3194,15776,338.99
576.8,31.33333333,51968,3503,19449,253.26
766.7,41.55833333,44372,2937,10540,293.29
852,41.16666667,49565,2219,10782,292.83
1009.3,53.31666667,37817,2703,14060,327.75
858.5,70.85833333,39545,3560,15195,339.24
626.8,41.79166667,39802,5773,17577,270.31
486.5,26.55,38455,3093,17164,315.09
334.3,20.01666667,39674,2096,14112,340.25
680.9,41.85,45446,1693,17135,348.62
1082.2,73.56666667,42738,1500,10923,318.04
824.6,52.08333333,45503,2679,13120,294.26
790.4,49.25833333,42263,2899,15833,334.3
851,34.5,30661,1827,6042,175.15
709,41.66666667,34425,1369,6463,162.18
777.1,45.49166667,27041,2023,9466,225.02
1210.4,100.8666667,28275,2722,10381,230.73
290.9,24.24166667,28460,3951,11969,220.12
340,19.83333333,32692,2119,13238,221.93
487.5,27.59166667,36115,1713,11840,295.63
677.3,39.40833333,39475,1249,15679,244.3
786.5,53.3,36898,1297,9459,261.96
729.9,44.525,39310,2319,11344,251.91
602.3,38.26666667,36433,2505,13651,196.1
1235.8,70.65,75928,11533,29295,664.61
1132,66.75,83842,9128,30726,640.08
1511.3,94.6,111600,10110,28067,649.06
1716.7,95.30833333,117000,14027,31559,683.54
967.8,45.03333333,117630,17059,36194,689.91
957.5,54.09166667,117084,13205,44999,672.53
1334.5,77.44166667,116119,8542,35927,729.07
1096.3,62.99166667,100934,7098,37139,749.79
1471,106.7166667,78457,2736,19863,760.63
898.3,58.35,83379,4879,23978,744
717.4,48.575,77953,5309,29192,628.4
705,34.91666667,89032,10306,31534,549.09
376,20.83333333,97684,7907,30767,499.25
1106.7,53.225,80006,5848,24973,564.78
1135,94.58333333,83908,7886,26997,596.19
388.8,32.4,84345,11325,31225,456.87
800.9,45.51666667,88841,12773,40408,550.05
973.4,55.25,103030,9324,35054,583.62
759.9,41.90833333,93281,5433,33289,622.76
847.3,61.31666667,79803,2757,19929,654.34
613.1,39.13333333,84584,4907,24234,520.68
514.8,29.625,79824,5381,29875,274.07
2288.4,166.8666667,106561,6511,26036,667.2
1018,68.33333333,120182,5725,28253,546.71
236.8,19.73333333,93821,8768,25510,729.49
1255.4,99.14166667,98375,12254,29486,811.07
727,60.58333333,98896,14232,33623,775.59
615.4,37.49166667,91459,11170,36897,805.26
626.6,35.11666667,105027,8642,38502,876.12
1008.5,50.075,115077,4616,38052,876.76
1373.6,99.88333333,95866,3346,24301,949.18
928.5,47.41666667,101902,5968,29316,779.56
685.9,43.73333333,95187,6489,35648,741.14
870.4,46.61666667,57131,3726,15556,535.28
663,39.25,64168,2779,15860,410.64
1588.6,93.48333333,55204,3139,13675,584.26
932.7,77.725,57920,4332,15169,622.88
738.4,61.53333333,58211,5449,17447,477.82
553.3,29.75833333,60596,4870,32188,596
470.9,25.53333333,63538,2343,20480,678.51
657.8,37.36666667,74281,2055,24306,634.34
862.4,61.275,77871,2719,19757,662.6
561.7,32.9,82789,4851,23823,560.61
800.6,48.78333333,77287,5272,28946,533.16
634.6,30.96666667,21045,1336,8630,93.96
952,47.5,23575,986,8726,99.54
811,47.025,34876,2309,10962,94.06
1459.4,84.59166667,36446,2992,11521,111.68
823.3,54.76666667,36693,5243,13407,106.3
383,26.975,34907,4334,16347,98.59
648.7,34.63333333,36282,1655,11530,103.6
753.4,38.78333333,29522,620,7192,104.83
789.9,49.44166667,18190,653,4804,105.67
660.4,30.54166667,19494,1172,5672,125.84
468.7,26.1,17686,1245,6637,107.27
568.7,26.89166667,32517,1737,16490,156.72
497,21.66666667,36543,1306,15999,130.77
654.5,32.925,30607,1929,11697,173.33
809.3,67.44166667,31913,2555,12281,202.24
645.7,53.80833333,32160,4031,14296,125.14
700.2,50.65833333,43112,2237,15761,146.54
640,35.65833333,42034,1314,13637,172.11
784.2,39.75833333,50477,1474,18070,192.83
941.1,62.45,50675,1793,13117,218.23
616,37.325,54088,3210,15650,161.82
496.2,25.14166667,49789,3449,18664,138.22
672.6,30.71666667,34109,1929,12485,282.47
620,19.83333333,37863,1732,12886,239.36
660.5,36.13333333,48604,2000,15441,282.1
642.8,38.08333333,51026,2720,16712,318.38
320.5,15.975,51269,3727,19324,296.41
559.4,32.975,59286,3314,20212,285.87
581.5,30.9,57002,1810,15894,311.28
583.7,28.81666667,51466,1934,17268,338.49
919.9,55.575,45278,1575,11428,341.36
530,21.1,48089,2809,13818,310.62
328.3,18.03333333,45057,3062,16871,326.51
773.5,39.79166667,59031,5106,23988,247.99
954,42,65778,3937,23746,231.18
987.1,59.89166667,70230,3828,21760,244.7
1581.6,130.9166667,73737,5346,24099,255.45
949.5,60.69166667,74085,6236,27727,289.67
932.9,64.94166667,73432,6064,27135,314.28
884.5,52.34166667,88483,2817,28310,360.34
959.1,47.83333333,97506,2172,26710,388.54
1027.7,61.73333333,82862,2907,21175,414
717.9,36.39166667,88221,5194,25436,383.09
602,31.63333333,81945,5621,30700,346.41
707.5,32.20833333,33292,2072,17424,337.8
220,8.916666667,36635,1810,16600,319.95
343.5,22.875,63273,2103,17195,311.67
795.1,60.71666667,66227,2863,18417,348.96
635.4,46.69166667,66631,3903,21345,293.89
708,45.84166667,72094,5931,21733,288.7
964.1,57.13333333,61851,1463,19420,326.9
818.7,47.05,78593,3258,25444,354.64
771.1,43.28333333,77852,2742,20008,375.1
386.1,22.71666667,82979,4902,23962,279.49
648.8,31.69166667,76772,5289,28771,301.95
831.1,39.75833333,77168,7114,21452,421.84
800,34.58333333,85901,5388,21453,378.15
1015.9,52.025,86900,4244,12717,375.83
1521,126.75,91468,6067,15285,327.86
1162.7,67.20833333,91800,6022,17292,366.58
1173.2,75.78333333,74833,3984,24081,400.8
-1,0,81500,2003,17412,452.58
1140.8,63.78333333,116581,2832,32411,478.46
1260.8,83.58333333,101057,3525,25601,467.91
977.9,51.65,107409,6288,30895,428.28
920.7,54.63333333,100374,6840,37591,417.52
1289,55.58333333,82222,3747,21139,453.32
610,32.83333333,91259,3099,21727,331.23
906.7,36.575,80584,4572,25735,489.37
1267.3,105.6083333,84556,6448,29099,537.02
885.6,58.36666667,84978,7042,33334,517.46
495.3,27.16666667,88133,6608,33721,518.98
659.3,38.60833333,80783,4052,27355,547.45
961.7,40.85,82828,2896,31999,573.06
958.2,71.98333333,65154,2293,16709,586.77
545.4,30.98333333,69416,4096,20035,498.52
543.6,32.90833333,64316,4424,24101,431.45
1167.4,68.2,54205,2742,10228,457.33
569,24.83333333,60363,2314,10393,383.69
1076.1,56.63333333,69947,4507,18401,445.78
1098.4,91.53333333,73299,6128,19951,535.98
963,80.25,73707,8414,23060,441.09
725.1,41.26666667,66993,8170,26253,509.24
700.2,32.1,76116,4495,25381,526.48
938,44.09166667,101659,3110,30949,535.3
1287.9,84.25833333,96500,3366,24444,543.38
742.3,44.56666667,102563,6004,29501,476.73
596.3,37.03333333,95853,6531,35897,452.05
1336.4,70.61666667,35746,2918,15043,430.92
1030,52.41666667,39525,2493,15871,369.9
1475.5,83.15833333,43783,3596,15468,425.01
1269.5,74.96666667,45945,4927,17636,475.7
1215.6,72.20833333,46173,6461,20168,474.45
741.7,42.44166667,38391,6365,16160,475.82
557.3,31.08333333,42012,5086,19357,491.18
950,55.04166667,77257,5435,30569,544.28
1261.8,79.78333333,80091,2773,20072,531.06
1210.3,53.6,84945,4940,24361,541.57
931.8,59.29166667,79973,5405,29936,458.91
886.8,34.4,34748,2328,9572,332.36
783,29.58333333,38334,1932,9812,279.35
817.4,46.45833333,44895,1679,9280,326.12
1165.9,60.86666667,47088,2257,10202,350.95
696.5,37.775,47332,3301,11756,357.51
534.4,26.425,49794,3799,22406,363.21
526.3,30.66666667,49244,2376,16573,381.03
811.3,41.69166667,48102,2022,16204,410.64
1132,72.76666667,52344,1773,12688,386.45
591.9,32.89166667,55165,3141,15678,235.25
496,22.09166667,53100,3502,19847,309.77
472.1,23.00833333,32021,2184,8261,184.13
368,23.5,35619,1622,8834,179.46
639.7,34.25833333,37061,1795,11256,180.43
952.2,78.04166667,38775,2485,12440,214.64
629.7,25.84166667,39018,3058,14319,205.45
527.4,24.43333333,33486,2265,12434,195.82
650.5,37.75,32059,1830,11358,226.62
750,37.03333333,36774,1575,12000,240.99
1269.3,85.69166667,33952,1183,8586,237.79
784.2,44.54166667,36074,2110,10371,235.68
654.4,36.39166667,33749,2297,12638,224.34
1041.6,47.63333333,52070,6482,19571,443.06
675,31.16666667,57172,5520,20089,390.36
512.5,27.69166667,68508,2425,15892,252.79
1378.7,79.35,71927,3190,17017,349.52
998.4,83.2,72268,5200,19723,407.29
567.1,30.4,66853,5112,27442,422.32
749.2,43.71666667,67253,1920,18734,491.56
1002.6,51.45,68227,1792,25053,562.37
892.3,53.375,52825,1863,13602,517.97
760,32.975,56325,3332,16274,529.6
550.1,32.875,52041,3591,19504,513.41
911,46.25,59992,7088,15102,289.84
777,44.16666667,77476,7418,17466,310.06
1534.4,105.9666667,86606,9069,17578,303.18
1802.2,108.8583333,83619,10858,21984,341.47
1396.8,97.55,86912,7062,17713,388.93
2497.3,139.8583333,83050,10392,19859,337.26
2021.2,122.4666667,88696,7707,23377,377.12
1605.2,84.025,87910,5105,16113,398.26
2133.9,137.65,99845,5633,15165,394.42
1833.3,86.15,99653,5782,15094,401.82
1737.9,103.4,136005,4746,14512,431.22
812,34.33333333,457,25,142,39.83
743,44.75,407,48,175,38.95
1272.5,91.775,461,43,171,40.1
670.5,34.95833333,458,45,166,42.95
594,37.65,432,41,124,37.87
1428.9,88.35,473,100,154,36.41
1164.5,77.41666667,508,101,206,40.71
826.6,44.91666667,454,50,125,39.4
1163.6,75.45833333,521,48,132,38.04
1002.7,48.4,530,35,122,39.7
916.5,52.18333333,470,40,142,39.18
1108,46.08333333,323,33,191,49.94
981,58.75,337,43,169,43.72
11.9,0.991666667,405,70,194,47.73
795.2,34.81666667,431,77,233,42.13
1482.2,86.425,419,33,150,37.47
1678.5,97.04166667,358,91,129,35.91
1765.5,104.8,457,51,151,36.97
1494.2,87.76666667,593,58,216,34.18
1852.7,109.6916667,653,36,131,37.7
1453.7,82.08333333,712,44,139,33.74
1317.8,87.61666667,587,39,164,35.07
995,47.91666667,191,7,130,26.29
861,49,266,14,200,26.17
1144.9,60.8,196,8,128,34.07
942.6,49.05,235,13,145,30.76
562.7,27.54166667,172,7,134,28.69
1628.8,99.15833333,188,31,102,32.43
1489.1,90.825,211,24,116,27.22
1314.8,75.20833333,185,4,101,28.85
1912.2,113.075,183,14,93,26.64
1231.4,72.35,175,5,64,26.09
1336.6,79.00833333,114,0,58,28.12
1506,77.66666667,268,15,388,15.6
1207,65.58333333,290,27,441,16.71
2125.1,100.4916667,211,72,318,20.83
1333.7,73.225,174,10,197,19.36
1347.8,67.21666667,213,28,243,14.9
2125.7,140.675,160,80,235,17.13
2155.4,138.4833333,190,107,188,17.17
1367.3,85.13333333,130,43,131,18.6
2014.7,135.6,162,12,169,15.98
1315.5,70.56666667,157,38,186,16.5
1295.3,75.5,171,28,201,18.98
818,30.25,149,7,92,19.42
850,45.91666667,147,8,82,19.74
938.4,60.725,125,6,73,25.12
1012.8,61.21666667,142,4,95,25.19
483.5,31.23333333,87,7,87,16.77
1494.9,91.225,82,18,46,16.66
1093.3,70.35,120,22,46,18.41
966.3,63.66666667,106,4,32,16.01
1299.4,89.84166667,106,0,35,17.6
1045.1,57.975,104,5,42,18.99
922.8,58.25833333,111,0,55,19.88
1086,53.25,256,1,65,37.57
1063,60.91666667,264,13,98,30.42
727.6,33.58333333,362,11,145,21.49
718.7,34.83333333,462,15,212,22.2
1570.6,89.525,326,22,109,18.65
1459.1,88.20833333,394,35,135,18.44
1180.6,64.89166667,391,8,162,18.21
1069,70.29166667,387,0,124,17.91
973.1,51.76666667,451,15,147,17.36
981.6,63.26666667,400,8,106,16.76
1754,84.83333333,2920,136,842,25.83
1674,98.33333333,2642,112,672,29.48
2940.5,173.375,2537,73,731,26.95
2383,141.1666667,2604,112,782,24.01
1519.2,90.15,3180,1129,1833,20.52
2781.1,166.975,3325,1083,2430,21.83
2402.3,137.825,4045,445,697,23.08
2002,120.375,2927,47,1109,22.7
2717.6,168.1666667,3710,10,860,21.54
1705.7,101.7833333,4488,125,807,17.67
1582.9,90.65833333,4151,78,836,22.13
2874.7,192.15,6232,2349,3053,430.51
2079.9,131.8166667,7898,3675,3726,392.41
2954.2,213.3583333,7082,3894,3906,309.73
2919.7,197.1333333,7612,3522,3309,540.36
2466,167.4333333,9634,3923,3978,520.37
4093.9,301.6166667,9944,3633,3462,484.37
2299,151.575,9944,3633,3462,518.02
3069.7,226.3166667,7495,1352,1302,497.93
2556.1,171.6166667,8454,3007,1845,444.13
2973.3,198.45,8554,3377,2435,515.42
2526.7,173.6916667,20341,4789,4030,452.79
2279,164.1333333,6606,4146,4576,433.96
1640.9,119.8666667,10221,3631,4495,261.67
1896.5,121.9333333,7996,5349,4605,407.89
1756.4,113.15,13980,7645,7129,482.89
1602.4,93.00833333,17093,9765,5890,468.72
-1,-0.916666667,17851,10391,6112,670.09
-1,-0.416666667,21537,11113,6428,625.31
645,45.75,18156,5936,5067,690.2
498,41.5,23040,12020,6427,632.91
1373,105.1666667,24040,12919,7327,719.26
2069.2,140.6666667,7285,3504,5130,207.1
2254.6,149.6666667,5458,3184,3360,186.77
2377.6,145.4833333,6242,3715,3048,180.67
2448.5,160.8833333,6445,3019,2677,232.58
2151.4,144.5666667,7969,5133,3906,249.98
2633.9,182.225,8169,5073,3662,291.54
1863.7,116.6916667,8169,5073,3662,223.28
2382.6,159.025,5896,1116,2002,256.98
2352.9,157.975,8199,4547,2314,253.89
1810.8,132.4916667,8199,4757,2654,234.63
2312,165.6166667,16418,3866,3253,268.08
2810.6,193.1166667,26494,15665,14355,512.23
1943,136.1416667,27833,16059,12797,462.69
2344,156.35,20300,9547,10682,517.28
2756.9,191.9666667,23904,10709,9710,554.31
2173.6,139.5833333,24555,13120,9035,579.46
2266.3,179.7666667,25219,14762,8159,763.77
1631,102.95,28904,15484,8476,689.19
2037.5,138.8833333,27172,6501,7131,771.09
2011.8,150.275,28877,16106,7784,835.72
2067.9,143.4166667,30377,15256,10843,802.94
3101.8,238.8,32689,7698,6476,737.67
1737.1,127.6,21863,12267,14299,577.64
1188.8,85.96666667,22963,10369,10763,514.32
1889.4,122.7416667,29886,15691,15829,622.09
1599.6,113.6083333,30000,15806,10825,813.68
1432.4,89.10833333,30271,15249,11039,886.18
2121.6,158.0333333,31926,17866,11554,993.12
1350.4,81.41666667,42614,19798,12461,913.45
1892.3,129.05,37650,17334,9438,927.06
1428.1,103.1583333,40204,18922,11785,979.23
1723.5,133.4583333,40904,15902,12385,992.44
1920.3,143.6583333,29509,6948,5847,945.56
1123.5,78.68333333,689,331,355,185.28
925,54.175,859,382,291,179.46
1339.8,98.59166667,1062,461,561,190.46
1185.4,84.66666667,762,409,178,193.03
870,51.40833333,885,371,454,250.02
943.8,69.84166667,985,341,412,237.35
844.2,53.075,985,341,412,174.4
1030.5,74.925,3441,62,270,199.17
1252.3,83.075,724,441,294,219.92
1155.8,67.2,728,651,294,218.19
1216.1,86.925,3483,820,690,213.17
2815.9,192.625,932,310,468,216.77
2324.4,155.7083333,1908,797,778,270.24
3267.7,227.9833333,2108,813,544,345.12
2836.8,158.0166667,2648,813,544,368.12
2735,183.2,5303,1142,1095,439.02
2365.6,145.9083333,2043,3127,1631,389.72
2703.8,181.9166667,2043,4146,2785,392.43
2781.1,202.1666667,11169,2630,2212,383.71
-1,0,26,18,19,24.51
-1,0,48,12,28,18.55
940,78.33333333,47,16,34,26.73
-1,0,51,62,57,25.95
-1,0,92,67,73,28.87
1224.4,87.03333333,192,113,73,21.66
976.5,60.25833333,192,113,73,36.09
3012.9,185.2,270,38,163,36.96
1591.7,109.5583333,437,264,153,31.84
1599,98.25,437,454,163,34.51
1639,111.0166667,3977,937,788,31.83
1018.4,70.025,16757,6753,9104,427.95
1069.1,75.75833333,19409,9944,12308,364.38
1677.6,115,23509,14347,12837,431.45
1354.2,99.425,21870,11234,9183,459.34
714.4,46.26666667,20576,10593,9825,534.14
1448.4,107.0833333,20732,11312,9392,543.86
1127.5,73.95833333,24418,12035,9704,530.2
1245.5,81.75,22307,10064,6802,564.62
1132.2,74.39166667,24763,11835,5911,684.62
1340,88.36666667,25823,12505,7351,624.8
931.7,61.7,16753,3984,3320,668.99
1853.7,121.325,6732,3224,3638,482.46
1413.7,87.175,6344,2416,2822,332.8
1752.3,112.4083333,5752,2629,2677,425.69
1671.8,109.6083333,9263,3914,3658,565.59
1620.9,111.675,11884,7244,4378,648.81
2336.3,158.45,12184,7124,3862,650.67
1485,81.975,12184,7124,3862,613.36
1661.5,111.4333333,7377,1240,2607,703.63
1745.5,110.725,14306,9617,3451,691.05
1487.6,86.35,14606,10176,3841,658.9
1863.5,127.925,14970,3524,2966,665.27
672.5,35.88333333,1956,144,283,1.94
1183.1,74.99166667,1494,140,274,3.85
1250.7,75.95833333,1743,99,147,4.77
1298.7,83.56666667,1828,222,255,3.26
1029.1,56.80833333,1280,206,259,3
1069.7,62.95,1790,232,265,3.13
1124.8,80.76666667,2033,141,219,3.11
1009.1,63.7,2040,66,129,3.16
1162.6,79.78333333,2068,47,90,3.03
981.2,62.03333333,2137,51,99,3.3
1202,75.625,2130,97,191,2.97
1515.2,79.15,999,73,97,4.59
1397.3,97.825,1085,92,161,4.03
533.4,38.39166667,1073,59,80,3.35
477.5,28.575,1263,83,109,3.29
431.3,29.40833333,1090,99,111,3.03
1087.2,71.19166667,1108,108,103,3.16
1052.9,70.18333333,1092,64,86,3.14
1105.6,81.49166667,982,66,77,3.19
1310.5,93.78333333,1033,51,65,3.06
1190.4,84.59166667,1098,77,98,3.33
1541.4,103.2583333,1124,76,117,3
1717.9,92.66666667,12963,1642,3162,57.49
2049.5,124.7,13201,1816,3546,61.69
1610,101.825,14203,1658,2383,61.8
1805.3,110.8416667,15171,2676,3464,62.78
1209.9,67.25833333,13823,2330,3468,57.45
1611.2,105.9416667,13757,2478,2826,59.87
1875.8,126.5,14056,1927,2849,59.57
2250.6,137.225,14411,1182,2074,60.43
2403.5,144.7916667,14185,1391,2682,58.06
1519,89.15,15464,1332,2562,63.2
1996.4,114.3083333,14501,1667,3274,56.84
591.6,41.39166667,78,49,60,0.03
307.2,19.29166667,87,45,66,0.04
628.5,47.26666667,75,51,46,0.02
1055,85.91666667,104,57,61,0.02
459.7,36.15,88,82,75,0.02
710.5,56.29166667,96,81,87,0.02
1008,69.45,1757,964,928,1.93
851.4,60.86666667,1823,1160,1000,1.98
1446,99.575,2085,1262,1022,1.97
1178.7,84.85,2120,1428,1136,1.78
1746.5,121.1416667,2085,1651,1314,1.85
1319.6,97.8,1844,1160,1074,1.84
1284.3,92.00833333,2160,1128,787,1.87
1291.7,89.775,2033,1289,889,1.8
1156.6,81.3,1799,1551,1064,1.96
1253.6,84.81666667,2538,1645,1325,1.76
851.8,42.525,2740,323,628,8.28
977.2,61.80833333,2893,396,748,10.97
1173.8,81.15,2888,382,585,10.13
1492.1,101.4,3286,588,822,10.57
882.1,54.78333333,2721,463,830,9.94
1377.3,79.83333333,3024,452,590,10.36
910.5,52.60833333,2992,377,689,10.31
1051.2,61.10833333,3028,229,421,10.46
1250.3,88.74166667,3134,311,576,10.05
1344.2,82.44166667,3295,180,323,10.94
1382.2,79.13333333,2881,324,620,9.84
1263,63.65,4186,777,1198,29.17
1294,76.525,4495,812,1296,27.07
1472.3,91.03333333,4617,826,985,25
1300.5,85.50833333,4538,944,1020,27.41
965.2,64.99166667,3828,930,931,23.09
1483.6,92.09166667,4530,1093,1023,24.06
1464.9,99.58333333,4634,730,982,23.94
1443.2,84.69166667,4323,504,706,24.28
1573.6,98.34166667,4623,651,909,23.33
1620.7,101.9833333,4498,659,845,25.39
1524.5,93.08333333,4693,837,1116,32.84
1031.5,53.80833333,3319,3564,2667,1.97
1185.6,73.48333333,3382,3312,2478,1.89
1080.5,64.975,3062,5186,2752,1.16
1224.5,58.10833333,2206,252,490,7.22
1476,79.825,2267,302,590,12.01
1276.3,89.725,2414,354,549,12.81
1422.1,93.03333333,2698,357,500,7.78
974.9,55.13333333,2454,331,499,6.42
1903.9,111.4333333,2588,450,531,6.69
1099.5,60.3,2892,185,326,6.75
1807.5,116.85,3141,322,587,6.49
1360.8,78.94166667,3434,277,514,7.06
1186.8,72.05833333,3432,377,710,6.35
2985,203.1666667,4270,2551,2089,71.75
3053,217.5,3635,3801,2007,90.16
3113.4,194.4333333,4615,3580,2649,62.27
2584.9,160.35,6082,4646,3635,104.25
2458.1,162.9,6875,4252,3827,97.98
3058.5,215.325,6122,4678,3744,91.33
2602.3,185.4416667,7256,4680,4091,111.98
1845.7,131.1833333,6782,4645,3825,104.59
2823.9,182.1916667,7437,4910,3333,106.87
2469,176.1166667,6513,3612,2319,103.1
2345.5,175.8166667,9063,4430,2505,89.34
3367,195.9166667,6210,6503,3607,41.15
3479,233.6666667,6881,7498,3901,40.32
4112.1,249.6833333,8935,8518,3898,36.35
2455,164.2833333,10098,9864,4548,36.59
3524.3,172.3166667,12192,10994,5686,34.76
3500.7,211.7583333,9949,10145,5481,32.95
3473.3,218.4,13750,10379,7507,29
2666.9,182.575,12060,9893,6777,32.22
4022.4,235.6666667,9825,9277,5260,31.55
3533.5,208.8583333,11193,5791,4168,26.46
2980.8,181.4833333,13051,9727,4144,28.41
3221,217.25,13478,13233,5479,49.53
3880,274.6666667,18989,9907,5955,45.51
4046.2,242.7833333,15222,9013,5635,25.6
2874.2,194.6,15817,9022,6130,27.01
3220.5,198.875,13813,9635,6022,22.25
4071.5,281.75,14769,11261,8192,18.77
3371.4,230.5,16994,12010,10402,17.2
2610.2,186.6083333,13716,10760,7874,9.17
3658.2,235.975,14948,10342,6995,9.42
3435.5,232.1083333,12559,9159,6165,10.33
2891.5,210.3583333,15599,11079,5763,13.09
3039,202.0833333,15274,16149,9632,37.26
3725,260,16079,15512,10326,41.56
3490.7,214.1333333,19395,15837,9263,33.2
2533.8,164.8666667,23928,19906,13244,36.54
2363.8,150.8833333,24139,20613,13873,44.32
3671.4,258.5416667,24027,23416,16911,44.76
3289.1,229.4166667,24965,20234,14676,66.09
2298.7,162.1583333,25516,18452,13079,53.56
3605.6,237.6083333,26734,16766,11850,52.17
3349.8,238.2416667,17480,12874,8157,50.83
3004.2,224.7833333,18111,13463,8334,51.27
3163,192.1666667,7131,11943,3710,24.72
3777,262.3333333,11490,10894,4159,26.01
4701.2,290.7333333,9407,9372,3756,25.9
3328.3,229.2083333,11432,11894,5073,27.56
3990.9,181.125,11949,11632,5290,25.8
3873.8,248,12732,11637,5642,21.91
3972.7,261.05,14459,12213,6539,19.53
2929.8,206.5416667,16136,10718,5781,23.52
3843.6,227.475,13394,11400,4713,23.79
3566.1,208.1583333,10476,9022,3115,20.39
2870.1,174.1333333,10335,9516,3597,18.98
2554,159.75,5074,5702,3127,31.38
3307,230.0833333,4703,5492,3098,33.12
3528.4,192.05,4398,5097,2547,21.75
2144.8,147.8166667,5414,7711,2906,23.27
2497.8,125.3666667,5363,6446,3125,19.89
2618.5,174.6333333,5860,7108,3499,21.07
2940.9,206.1083333,8506,6547,4434,18.58
1986,130.475,7843,6253,4014,15.38
3214.9,191.95,9145,6371,3572,19.71
3133.1,189.6916667,8373,6101,3323,22.28
2487.6,173.0083333,7092,6006,2800,23.65
2353,150.5833333,12931,7173,5118,266.63
2629,180.9166667,13643,7497,6258,270.1
3266.7,186.175,14559,7585,5824,244.24
1883.7,127.0583333,19850,12066,8755,240.14
2416.3,119.275,17938,11326,8683,266.23
2455.2,162.2333333,18216,11102,8880,218.16
2610.6,184.3416667,19562,10101,9112,224.41
1697.9,116.7,16577,9724,7100,189.23
2570.8,147.8333333,18792,8651,7675,238.07
2278.5,139.6916667,14678,5763,5679,236.4
1985.2,141.95,14660,6973,5813,228.46
2696,191.75,4209,3641,3623,23.58
2761,198.6666667,3228,4429,2966,19.68
2743.3,180.7666667,3820,4896,2691,12.62
2207.4,146.05,6129,7567,4394,15.69
2062.4,141.0416667,7102,7951,4246,15.69
2788.6,202.1916667,7679,8160,6273,13.79
2293.1,167.5083333,11605,12146,6987,13.76
1655.6,120.4166667,9871,9853,5958,8.97
2688.9,186.6583333,7816,9331,4647,10.78
2511.4,185.2916667,9101,4646,4304,10.72
2336.4,179.2833333,7822,7425,3050,11.75
3072,193.3333333,9994,5831,5076,72.95
3492,244.8333333,9466,6390,4457,65.04
3960.2,232.5,9444,6732,4071,59.38
2310.1,156.0333333,9790,8855,3939,71.91
3041,172.4166667,11602,8841,4776,63.85
3136.4,211.2416667,10943,7118,5065,53.08
3142.6,217.0833333,12620,8384,5576,62.32
2361.4,168.675,9658,7823,5091,67.57
3184,200.4583333,12422,8027,4683,66.65
2777.6,184.8,10160,4129,3459,76.02
2593.9,177.5583333,11170,5501,2879,78.89
1903,137.6666667,3914,3000,2782,11.03
2312,176.8333333,4269,3149,3521,10.08
2052.7,145.5083333,3440,1674,2389,7.18
1931.5,137.125,3194,2617,2391,7.27
1426.4,101.8416667,3787,3094,2649,7.56
2140.9,158.8333333,7385,2232,5313,6.92
1518.3,118.3916667,5395,2935,3115,6.14
1154.4,84.01666667,4984,2933,3481,4.1
1845.1,133.1,3851,1656,3109,5.33
1912,149.4416667,4010,724,2443,5.56
2252.1,182.625,4095,2413,2209,5.45
2071.1,138.9833333,32797,10330,15387,721.74
1773.8,117,33185,7348,16316,666.71
2228.3,146.3916667,34847,10341,21766,706.65
1701,119.7916667,37811,13400,26419,696.03
1462.4,89.575,37850,12145,24451,715.25
1264.5,84.25,39533,13379,23480,737.06
1487.5,114.5916667,39859,7680,18622,796.09
1129.6,79.88333333,29950,6043,12168,719.82
2189.9,162.5833333,31143,5672,15107,529.28
1803,113.1416667,44283,10850,21940,734.41
1260.6,66.89166667,34905,9785,17831,783.5
1146.7,60.28333333,11007,3274,4948,561.45
1718.7,95.11666667,12465,3118,5418,599.67
1245.2,85.4,13707,3546,6861,649.89
1641,108.8,16719,5496,6837,558.41
1612.7,55.75,18997,5194,8605,642.93
1114.5,61.98333333,16650,6190,9132,717.03
1144.7,78.81666667,18588,4835,7732,364.9
1129.9,74.13333333,19311,3912,8326,1193.17
1307.3,72.50833333,21461,4386,6886,1071.26
1227,62.24166667,31348,5675,14165,1073.18
941.3,58.80833333,19612,3690,7963,511.39
2011.2,116.4166667,25257,6211,8691,958.1
1927.4,124.05,28773,5484,9170,680.63
1911,139.8583333,29459,7720,11027,819.25
1853,131.0666667,38054,12333,26159,781.47
1841,94.00833333,30939,9920,17646,964.19
1390.5,92.66666667,28864,9030,15083,733.51
1502,106.25,32112,5803,12635,805.35
1803.8,109.3333333,29656,5318,12410,1076.68
1658.6,109.95,30634,5108,11170,630.32
1691.7,95.95,29635,6014,11089,910.11
1133.7,68.56666667,34975,7415,13632,806.7
1741.2,88.55,8129,1849,3301,407.34
1384.6,92.625,8649,1362,3232,318.88
1290,87.41666667,9491,2057,4019,313.26
1428.7,96.14166667,10036,2544,4373,319.43
1466.7,58.73333333,10762,2615,5110,276.38
1127.6,76.29166667,8537,2247,4633,178
1489.3,110.175,8595,1744,3809,274.2
1524.5,98.1,7893,1182,3506,402.23
1620,100.275,8124,1444,3987,398.64
1388.8,70.55,9325,1736,4582,550.87
1097.4,61.875,8802,2006,4747,199.94
1359.1,93.88333333,28568,4614,5296,392.26
1482.6,91.55,26816,4573,5982,648.93
1284.6,97.14166667,29415,4149,5908,696.05
1161.9,78.025,30221,6258,8844,518.16
1174.3,58.11666667,31224,4748,8722,620.4
1476.8,111.8333333,34125,6168,9791,514.88
1295.9,83.675,37739,2315,9178,525.84
1333.2,81.025,27952,2867,5587,772.5
1016.1,72.33333333,33434,3113,8400,501.53
1398.1,86.8,20026,3956,8410,416.15
2244.3,118.975,23577,4613,9237,414.19
1752.3,126.9083333,25268,4334,11339,563.16
1885.4,131.7666667,26600,8240,12224,500.73
1518.1,53.08333333,22378,6903,13170,551.81
1541.2,91.01666667,26750,7834,16674,839.62
1294.6,78.71666667,27530,4141,13776,861.05
1577.7,102.5583333,28146,4543,10916,830.89
1539.3,81.225,27828,5317,12134,746.19
1181.1,77.55,27515,4047,11756,300.97
1618.6,97.89166667,6152,1479,3783,286.82
1551.2,104.1916667,6541,977,4287,264.93
1920.4,122.125,7953,1079,4536,341.02
1647.8,109.6166667,6484,1108,3506,278
1321.7,71.70833333,7286,1205,4506,282.17
1213.4,78.50833333,6350,1374,3935,194.97
1909.7,137.1,6654,789,3766,293.73
1377.7,95.36666667,6965,892,2846,283.99
1694.9,109.8416667,8030,919,4197,272.65
1336.3,73.825,8478,1437,4771,412.75
1049,60.1,9167,1752,5877,206.98
1345,89.725,22186,7156,7702,636.35
1952.4,121.9583333,27637,6914,8689,677.73
2351.1,172.45,30624,8767,9984,754.64
1298.8,89.11666667,35354,10397,11120,619.52
1263.7,64.325,38948,9149,14202,617.83
1533.3,95.26666667,40042,14849,17178,873.99
1565.3,98.675,50814,8152,17816,871.13
1640.6,107.625,50755,11635,17147,1119.39
1805.6,101.1083333,46349,10243,16293,978.68
1536.1,119.2833333,49946,6682,17207,609.13
1670.5,108.8833333,9851,1999,4466,472.21
1821.3,118.3916667,11435,1868,4543,501.43
2026.4,122.6833333,11989,2441,5532,574.85
1763,122.325,11741,3461,6642,542.59
1405,83.49166667,12053,2669,7650,458.72
1669.4,128.2416667,13469,2241,6894,563.67
1352.3,89.98333333,9258,1275,3121,495.92
2273.9,151.6166667,14227,1748,5274,424.21
1661.4,100.8083333,13964,2313,6109,687.42
1948.5,123.7416667,3057,731,1206,178.96
2369.8,144.575,4132,874,1676,191
1810,134.2833333,4557,734,1556,182.35
1686.2,120.6083333,5359,1234,1986,167.13
1661.1,65.18333333,5249,1280,2266,185.12
1533.3,98.20833333,4945,1096,2077,150.21
1340.8,94.83333333,4613,842,2178,120.19
1597.8,108.1083333,5403,809,2325,246.92
1564.6,94.66666667,5389,858,1960,193.98
1512.6,81.5,4938,821,2140,221.6
1527.5,99.49166667,22348,5799,4973,658.04
1932.7,119.5416667,23535,4886,3861,598.7
1453.7,111.3583333,21853,4974,4730,620.46
1419.5,90.43333333,22865,7940,9252,502.43
1507.1,72.30833333,21960,6175,9694,615.35
1513.1,112.5916667,19941,7157,9068,593.22
1051.8,67.85833333,23713,4988,7993,434.65
1275.1,84.425,21563,4493,7874,759.04
1540.6,105.8666667,20339,4215,6335,364.58
1476.6,79,19059,3587,5677,692.52
1057.2,69.80833333,20370,4447,6518,493.49
1698,89.39166667,48857,12196,20382,1029.07
1790.7,111.7666667,44317,10644,17669,1088.36
1581.1,102.9416667,46368,11745,25871,1128.08
1879,115.375,49409,15507,26168,1131.5
1177.5,52.63333333,45476,14785,27538,943.8
978.4,57.04166667,50019,15134,30915,993.07
1639.3,107.8833333,61044,11687,30308,1016.49
1964.7,127.925,60488,11354,27227,1586.6
1410.7,76.26666667,52881,11704,23572,1240.17
1564.6,95.4,43361,7130,17967,1567.98
1272.4,67.425,59070,10954,26433,837.19
1242,77.04166667,4979,1031,2504,244.48
1213.8,64.825,5476,910,2687,276.95
1651.8,99.81666667,6574,1145,3637,305.16
1496.2,89.38333333,7114,1252,4398,300.56
1580.7,109.1833333,8726,631,4111,346.84
1518.2,101.1833333,8473,1083,3616,474.43
1504.2,87.4,8892,1232,3950,411.87
1245.1,68.725,7548,1250,3771,496.44
1250.2,63.025,9311,1534,4002,228.15
1691,104.625,73358,35180,44015,1562.67
1604,89.45833333,53799,22752,24338,1637.07
2001,118.2833333,64551,25015,29770,1541.4
1553.7,106.5333333,67357,35752,33455,1656.9
1374.7,90.2,67172,39387,42257,1463.8
1282,87.54166667,69949,35078,46619,1462.91
1840.4,127.9333333,75373,25803,40690,1500.62
1358.2,88.45833333,79425,19098,34088,1553.5
2064,145.1166667,65221,22121,23967,1658.81
1424.6,90.96666667,73668,25600,34956,1702.5
1726.4,84.85,74307,28064,38076,1602.26
1166,77.5,34713,15145,18815,732.44
1143,69.58333333,51539,19694,19666,677.7
1692.9,101.7916667,49715,15687,20835,683
1480.2,98.25,52170,24466,22234,799.5
1496.5,105.1916667,52896,26340,26031,664.9
846.2,61.60833333,48862,22061,29969,650.47
1413.4,97.93333333,58995,18700,27668,744.49
862,54.6,63812,17927,25307,668.3
1287.8,92.225,57838,14772,18231,734.42
1096.8,74.475,54903,15588,20039,780.86
1408.1,74.31666667,61067,13959,26339,743.07
1135,62.5,34420,14280,18153,1189.59
1372,87.33333333,79995,23297,34223,1030.7
1726.6,103.95,71884,26045,34014,1142.4
1173.8,66.275,77195,32019,35425,1123.7
1351.3,97.15,82805,36944,42723,1040.4
940.7,69.98333333,75695,29819,45054,861.73
1741.3,124.6083333,85155,22685,42424,957.31
979.5,57.21666667,81870,18401,38634,973.7
1228.2,92.73333333,70132,14011,18486,1116.7
1175.6,74.625,75949,18769,28565,1190.49
1673.5,86.09166667,82422,21009,36741,1257.25
1183,78.58333333,66095,25985,34518,1968.49
1446,79.08333333,83379,37766,53922,1966.99
1754.8,104.8083333,80895,41038,60654,1858.6
1638.3,101.5166667,83574,50454,59661,1876.2
1296.6,86.85,85175,48636,62389,2051.2
989.2,66.53333333,68631,38294,57644,1665.94
1517.6,104.8416667,77511,35037,53011,1749.32
1276.6,71.00833333,80848,27030,54189,1922.46
1535.5,115.8333333,71384,30932,30475,2016.62
1134.4,71.15,81802,38121,48399,1896.03
1546.5,79.93333333,85634,41386,53248,1949.43
1206,62.5,32185,13435,18340,1116.34
1605,86.5,42917,15270,22997,1199.44
1712.4,100.3833333,51161,14164,24155,1220.7
1399.3,83.54166667,45254,18075,24596,1212.4
1238.6,83.94166667,43215,20182,26462,960.5
1023.9,66.63333333,46357,16959,28463,747.95
1544,112.3416667,50041,17469,25738,1126.8
1052.8,60.69166667,47628,12692,22853,1084.23
1374.3,100.3083333,40606,14464,16839,1274.1
1144.4,62.73333333,48596,15851,19896,1261.88
1659.2,80.05833333,48099,14503,20158,1340.67
1161,71.33333333,23140,11960,19652,1013.45
1313,82.75,36551,14564,24599,1138.01
1814.6,99.28333333,38080,16407,26397,1173.6
1557.9,93.28333333,36118,19662,24950,1025.8
1300.1,82.73333333,33223,22456,27273,1004.9
1040.6,71.65833333,29263,17194,26586,507.49
1880.6,141.4166667,31827,16175,24844,1119.51
1350.7,87.44166667,38485,13134,29326,1033.74
2140.5,154.225,30652,13936,13599,1045.36
1075.5,63.48333333,35448,17887,22312,984.16
1127.2,54.975,39567,17066,27131,990.64
1171,78.91666667,58915,21842,23880,849.95
1129,68.83333333,53629,43798,48175,846.82
1759.7,107.2583333,54358,42098,46844,845.1
1424.3,90.4,49738,46247,51417,876.3
1156,79.425,54600,45573,54362,861.3
1033.5,74.83333333,54485,42844,56969,904.16
1485.2,103.3083333,57998,40695,53590,806.84
1089.8,68.06666667,61917,39118,52617,793.04
1365.3,95.325,47367,31927,28531,807.73
1114.4,72.875,54853,38296,41744,860.05
1549.1,73.125,60218,42199,48881,871.28
1583,108.1666667,32920,13375,17405,286.01
1513,84.33333333,8775,4854,6574,243.55
2077.7,109.9416667,8566,3750,5117,259.2
1707.5,116.2416667,9707,6270,6396,207
1307.3,78,11061,6217,7136,191.2
1244.9,86.00833333,10128,5937,8339,304.76
1462.5,100.55,12627,6000,8932,225.33
1205.9,80.425,13941,7339,7348,286.83
1854.9,128.725,10532,3728,3469,275.13
1232.3,83.95,11449,5660,7287,320.39
1690.4,69.66666667,12104,4436,6903,222.22
3051,188.9166667,29405,17372,20264,394.62
3017,188.0833333,18954,11419,13497,418.96
3507.8,215.7083333,20147,10227,12536,372.4
3559.3,216.675,33170,29549,19117,391.2
3137.8,203.275,49053,41681,28413,435.3
4146.2,248.4583333,50974,27968,31335,493.74
3035.1,175.8666667,61832,26350,27109,469.65
3820.8,225.825,62106,22441,25993,492.88
3472.7,198.4666667,58299,25927,14487,523.15
3055.1,224.0583333,61806,27273,22698,561.85
3370.6,244.2083333,67370,30571,25135,556.42
2466,155.5,19194,7951,9605,58.63
3015,197.6666667,27122,6473,8840,58.65
3285.3,185.0416667,29224,10946,8749,59.5
3316.1,214.8,14479,6279,2192,68.7
3009.1,186.9916667,12491,5285,2541,75.4
3538.6,213.1,11660,7225,5031,77.8
3338.5,189.0166667,7804,2426,7537,75.84
2969.5,172.2833333,1864,1034,765,67.56
2970.5,186.95,163,0,31,72.3
2943.4,204.4416667,0,0,0,68.54
2930.1,195.7333333,0,0,0,76.95
1556,85.5,30584,13700,17365,636.12
1329,92.41666667,51134,20545,22483,470.63
1554.1,83.95,46667,16665,15402,480.4
1503.4,87.25833333,52745,26997,21641,656.8
1325,88.575,52768,28425,21044,614.5
1189.8,81.40833333,54298,20428,24388,630.48
1395.2,96.05,50925,16774,23736,611.97
891.3,51.20833333,54962,15946,24009,644.57
1237.6,89.775,45627,11492,13458,704.37
1303.4,82.35833333,59198,17412,23141,707.57
1538.9,93.31666667,61792,17622,24722,705.36
5007,363.9166667,32570,18652,22050,545.58
2149,135,17465,8000,9723,445.79
2420.3,150.5916667,20816,8273,9289,518.8
2830.6,183.9833333,20210,14919,10607,500.4
2316.1,163.2583333,19592,13472,13721,561
3338.9,210.35,21167,10812,14746,656.87
2627.8,153.3583333,25387,8743,14958,600.69
3354.3,218.5916667,29131,7758,11302,670.26
2445.6,143.9666667,22420,7546,8871,727.97
2419.5,176.925,18511,7676,11670,720.1
2699.7,200.275,25412,8375,13171,722.23
1045,66.08333333,16110,11420,15700,528.9
1276,74.58333333,7766,1708,4160,731.4
1783.8,99.65,7719,1137,4127,768.2
1383.4,83.21666667,10321,1671,3341,744.2
1165.8,72.675,9080,4005,5416,598.8
901.3,63.46666667,10383,2968,4671,261.75
1763.3,128.4583333,10525,2321,4653,732.35
1400.9,89.325,12636,2527,5421,730.73
1781.1,127.875,9418,1138,1302,731.54
1026.7,63.31666667,6712,2194,3169,599.42
1208.7,53.75833333,9047,1496,4513,500.44
1936.5,134.6666667,88560,31381,50338,2416.32
1569.5,96.04166667,95305,52402,65561,2844.06
2264.9,122.7416667,88921,54356,67273,2620.7
1904.9,135.025,85320,64658,65713,2736.6
1320.7,86.68333333,87423,66917,72746,2794.6
1412.8,93.875,83419,55646,71906,2947.41
1490.8,99.65833333,98720,51336,82781,2784.21
1349.1,88.93333333,100573,52816,80542,2940.45
2053,142.4583333,87939,49669,44387,2618.92
1451.8,93.06666667,95279,52615,69792,3152.73
1550.1,75.69166667,105669,49762,78885,3215.01
1868,120.7083333,39223,18829,27685,1211.69
1208.5,78.08333333,50105,17924,27497,1036.13
1564.9,92.51666667,51839,18626,20599,1175.5
1229.1,61.75833333,60881,28632,34677,1161.6
1146.7,27.14166667,70140,41006,34834,1022.8
1448,51.6,77103,30636,43861,1216.16
1596.5,112.1583333,77930,28517,42885,1105.35
1317.5,72.21666667,94803,25469,41281,1084.49
1375.2,94.1,75363,29293,26796,1069.76
1343,87.93333333,78669,36297,37151,1120.63
1140.1,77.36666667,105850,35441,47303,1195.03
1128.5,90.18333333,89420,15149,17481,490.22
1473.6,121.8083333,116892,18764,27165,703.51
1452.4,82.1,121712,14362,34236,901.33
1230.1,58.6,134390,11280,39663,884.17
1266.4,82.26666667,113383,10441,21746,680.3
1261.6,85.15833333,119273,17140,29563,869.69
1021.7,68.86666667,151471,15053,38969,568.41
1830.3,93.175,111016,21118,35619,436.73
1385.2,92.175,108039,14281,34543,651.88
1017.4,58.11666667,127660,11034,31706,650.25
1043.6,67.74166667,98849,11417,20987,607.61
947.7,78.975,71181,13515,24105,497.81
844.4,70.36666667,69975,16308,22047,450.9
1262.4,79.15833333,84034,8573,29319,630.23
1055.8,54.31666667,96177,7292,29920,460.01
785,52.275,78155,9619,20530,399.58
1146.2,73.80833333,81869,10616,23785,645.79
863.2,57.075,109165,9143,30061,490.02
843.2,70.26666667,11312,2434,2417,230.06
973.4,81.11666667,19780,3247,5148,207.17
1346.1,112.175,21131,3863,4583,329.46
1061.5,88.45833333,19616,6488,5952,271.45
931.4,77.61666667,24079,5975,6737,239.99
1121.2,51.60833333,23196,6023,6384,214.71
1360.8,86.16666667,27855,4822,8254,332.12
655.9,41.925,33656,3933,9218,345.23
1189.1,80.3,30623,4722,8434,316.59
519,28.63333333,32829,6957,8610,367.33
785.8,50.76666667,44753,7641,14838,345.27
1892.2,117.525,70814,22665,20941,463.41
1440,79.1,79037,16528,22636,475.28
2042.2,118.6916667,97105,29240,26307,317.25
1770.4,112.85,93019,29136,24390,523.71
2092,116.8166667,98376,29380,34857,495.69
2302.3,134.0416667,105026,21862,42310,844.03
846.6,45.81666667,130710,17798,52851,964.87
1441.6,100.375,135114,28541,42299,1025.81
1113.1,73.61666667,131495,26991,35590,996.73
745.7,50.41666667,162594,26982,59820,776.83
530,44.16666667,53267,2326,9738,336.09
1111.6,70.7,76180,4274,16682,307.86
762.8,63.56666667,63076,8950,20278,364.35
800.1,43.45,63412,6889,17483,252.41
1211.2,79.26666667,61235,5469,18711,518.01
846.1,49.85,70723,3894,21738,599.32
921.8,68.925,51147,2415,9868,421.78
920.1,63.86666667,58272,3925,11351,521.42
683.3,39.40833333,77422,2751,16218,288.01
1020.1,57.9,76458,5310,17045,372.6
1667,94.33333333,81906,10071,21565,256.94
771.8,46.90833333,78503,10472,23265,135.51
1161.9,85.05,84043,7315,23500,515.01
933,44.15833333,86918,6700,19576,473.05
917.7,70.95833333,74085,3926,13736,249.87
1090.3,76.45,76676,3767,19583,380.22
608.8,29.81666667,103693,3865,25798,501.36
592.5,49.375,82601,14544,22614,352.06
1576,131.3333333,109782,14430,27752,327.64
1525.1,127.0916667,96851,23564,30770,503.07
617.8,46.775,111651,15142,37116,348.38
921.4,61.525,129569,15678,47343,360.51
981.9,63.56666667,107859,14739,27239,284.02
1325,69.175,118038,14001,29914,386.55
1103.9,77.21666667,141399,15574,41235,435.69
1192,64.825,27397,8368,7305,185.27
1305.7,87.99166667,39944,6552,8375,372.3
1499.5,108.0583333,49495,5670,7691,93.99
1495,97.4,46492,8964,10579,264.65
765.2,44.24166667,43942,8036,12231,189.38
1264.5,90.45,45810,5659,12532,471.72
772.4,38.4,46746,3647,13579,358.37
1294.7,95.99166667,45117,5445,7296,341.09
1178.8,58.54166667,55686,7303,9248,419.46
1253.5,74.45,58326,5735,16867,394.51
1215.4,65.83333333,34452,2788,12529,304.33
1753.3,90.65,26849,1540,13783,511.74
1618.9,93.84166667,27168,2850,14128,528.25
1258.5,70.04166667,29209,4784,15924,534.89
913.8,50.85,26802,3036,13730,243.47
720.8,50.3,39082,3737,13608,430.52
1146.5,67.55833333,33194,780,9416,443
934.8,66.875,23010,794,4433,388.89
1120.5,67.33333333,34115,1230,7544,452.21
1487.9,73.80833333,37794,1871,15670,249.3
650.7,37.23333333,146446,6610,37497,1726.82
930.3,70.425,129867,5047,23834,1690.29
854.1,55.15,130535,6097,28245,1619.59
455.5,25.38333333,156290,5041,36731,1605.57
1116.4,65.79166667,88073,3528,14614,829
1037.4,58.25,72764,3354,12824,1051.67
1109.9,68.86666667,100178,11729,24273,743.11
786.6,52.84166667,86152,7438,23586,332.92
683.3,40.05,86030,7760,24356,338.42
1259.7,93.875,102725,3748,19253,1293.08
1054.9,68.24166667,108160,2165,22507,1499.42
717.5,53.1,86916,1155,9432,964.36
912.2,55.35833333,96390,2957,18233,1427.25
702.3,39.14166667,117323,2761,26109,1137.68
1375.8,85.65,20610,693,8622,263.21
1653.4,93.8,17144,2351,9347,340.63
1384.1,83.10833333,17291,2250,8090,272.02
849.7,64.525,23941,2454,9060,286.95
851.5,48.65,19590,1222,4687,252.05
1091,79.15,18882,1236,3694,415.7
1370.2,82.43333333,16533,202,1451,290.1
1135.9,66.19166667,24879,1291,7672,191.96
1002.8,50.775,507,18,714,21.68
1452.3,86.05,1183,35,249,52.29
1804.4,97.475,641,12,117,80.27
1253.3,64,398,19,91,69.93
879.9,59.05833333,401,5,131,13.18
1316,94.59166667,1120,51,212,57.79
1140.4,67.83333333,1425,1,79,42.02
1270.6,91.55,1394,1,135,59.72
983.2,58.775,294,1,31,52.94
854.8,43.425,987,157,349,15.88
1141,62.55,14208,353,5422,102.88
974.3,57.575,14282,812,5363,86.5
894.1,56.54166667,14225,1075,7563,253.2
1184.2,88.51666667,18208,554,4495,137.2
1078.1,64.45833333,15560,438,5315,209.34
913,60.49166667,13802,532,3648,86.99
794.7,48.675,10114,129,633,48.98
1468.1,84.375,25933,1567,13730,537.03
1381.9,83.575,29116,3700,15997,656.94
1374.8,74.58333333,25554,4426,13094,685.76
1583.9,118.0833333,33511,4413,14120,666.56
1241.6,82.36666667,31327,1120,10400,670.11
1102.8,76.49166667,21591,1082,5010,714.66
901,55.7,27820,1667,9600,658.31
1693.9,101.0166667,3346,67,637,485.24
1734.8,94.33333333,1056,41,877,513.34
1394.1,95.525,1910,182,1186,429.12
1578.1,113.875,2144,124,513,485.46
1176.5,73.74166667,3763,47,304,517.22
1626.4,111.6,3796,43,392,579.7
1431.2,88.86666667,2925,14,327,586.63
1158.4,58.69166667,3367,155,815,264.71
